,text_id,intra_textual_variance,stepwise_distance,outlier_score,overlap_score
0,THE_EUSTACE_DIAMONDS_Q7732627,19.130528404704158,40.709238943153224,3.6500243e-08,0.9984025559105432
1,EVELINA_Q1635110,21.40866992198192,45.72324503652294,0.33340338,1.0
2,MARY_BARTON_Q2607078,22.715940940954653,47.536720874266685,2.9802322e-08,1.0
3,THE_PRINCESS_CASAMASSIMA_Q3211932,16.938510887385622,35.20571182249816,2.1073424e-08,1.0
4,THE_LITTLE_MINISTER_noWikiID,20.78259401302657,43.876458309420705,2.1073424e-08,0.9963636363636363
5,DOMBEY_AND_SON_Q963659,21.687592389925538,45.30243091215895,2.1073424e-08,0.9858657243816255
6,THE_SORROWS_OF_SATAN_Q13424700,19.969470903452166,41.56727574945695,0.45724544,1.0
7,THE_ASPERN_PAPERS_Q2362409,19.998152182339695,43.56753515455276,4.712161e-08,1.0
8,HAUNTINGS_noWikiID,25.71898472370166,54.54031672180091,0.6410083,1.0
9,IVANHOE_Q840974,23.623233775175546,50.063584269808906,2.9802322e-08,1.0
10,THE_ALTAR_OF_THE_DEAD_Q7713242,26.10774040466207,55.698396739946894,6.664002e-08,1.0
11,SON_OF_MARS_noWikiID,22.017521369209227,46.20012662044319,0.655885,1.0
12,A_SIMPLE_STORY_Q4659531,18.510987410255062,39.68225918222758,2.9802322e-08,0.9957983193277311
13,A_TALE_OF_A_TUB_Q2353123,27.244716133450616,60.652721365207135,0.7004929,1.0
14,THE_LAND_IRONCLADS_Q7745355,31.486928059724193,69.4751076630164,5.9604645e-08,1.0
15,THE_WHITE_ROOM_noWikiID,18.558156728523333,39.65418144047861,0.53759915,1.0
16,THE_GREAT_WAR_IN_ENGLAND_IN_1897_Q7737983,23.40037763880693,49.66426516481516,2.9802322e-08,1.0
17,THE_GORILLA_HUNTERS_Q17015740,21.737126498869728,46.502979484223715,0.5608188,1.0
18,STELLA_MARIS_noWikiID,19.159597968846874,40.28438551349813,2.1073424e-08,1.0
19,THE_HEROINE_noWikiID,23.714869846625728,50.470612319342216,3.6500243e-08,1.0
20,THE_LIFE_AND_OPINIONS_OF_TRISTRAM_SHANDY_GENTLEMAN_Q1164083,22.033606089248757,46.888647459723614,0.55682075,1.0
21,THE_VAMPYRE_Q509070,25.710354829588457,56.33488927612931,0.8405611,1.0
22,TIME_AND_THE_GODS_Q7805268,31.49858260118908,68.75677807772574,5.9604645e-08,1.0
23,LIBER_AMORIS_noWikiID,25.516245900132333,54.423662628657354,0.7965483,1.0
24,DAVID_ELGINBROD_Q5233331,22.630415756216387,47.09623567209616,2.9802322e-08,1.0
25,THE_GRIM_SMILE_OF_THE_FIVE_TOWNS_Q24255934,21.256674493296437,44.631714133699866,0.531817,1.0
26,THE_HISTORY_OF_THE_FAIRCHILD_FAMILY_Q7739822,22.673502894380402,49.27739375210699,0.46524116,1.0
27,THE_REAL_CHARLOTTE_noWikiID,17.735625506100543,37.447489326905675,2.9802322e-08,0.9883381924198251
28,CALEB_WILLIAMS_Q7784409,22.018886806279273,46.756129536641915,2.1073424e-08,0.9968944099378882
29,EXILUS_noWikiID,25.926861035249914,57.31277714258087,2.9802322e-08,0.9932885906040269
30,THE_KELLYS_AND_THE_O'KELLYS_Q7744082,21.590312909076477,45.91028442041624,2.1073424e-08,0.9976580796252927
31,AT_THE_BACK_OF_THE_NORTH_WIND_Q1619593,25.203918470567086,55.119723012832736,2.9802322e-08,1.0
32,MEMOIRS_OF_A_CAVALIER_Q6815274,25.71515894358684,56.181122757226674,2.9802322e-08,0.9955357142857143
33,TRILBY_(NOVEL)_Q1691967,21.48047816502436,44.86344206811965,3.6500243e-08,1.0
34,DANIEL_DERONDA_Q552238,21.640515663872097,44.77598944490477,2.9802322e-08,1.0
35,THE_RAGGED-TROUSERED_PHILANTHROPISTS_Q7759270,21.8279024749818,46.215430461097036,2.1073424e-08,0.9895287958115183
36,AN_IRISH_COUSIN_noWikiID,19.109343958089124,41.08765894688469,0.45024997,1.0
37,ROBINSON_CRUSOE_Q483034,24.987680571627102,53.46268157479686,2.9802322e-08,1.0
38,WEIR_OF_HERMISTON_Q1213386,21.03308514113614,44.312742248684195,0.52943134,1.0
39,THE_DUKE'S_CHILDREN_Q7731161,19.29742447902449,41.13528324164119,0.2212395,0.9942307692307693
40,EUGENE_ARAM_(NOVEL)_Q16385636,26.18144380656109,54.7636238605235,0.5164083,0.9973262032085561
41,FIVE_CHILDREN_AND_IT_noWikiID,23.755115547085843,51.75880230104462,2.9802322e-08,1.0
42,THE_CLAYHANGER_noWikiID,19.825091255812534,41.40224421862557,3.6500243e-08,0.9887133182844243
43,THE_MYSTERIES_OF_UDOLPHO_Q2600909,20.752778605329887,43.606652423042036,0.4182702,0.9955423476968797
44,THE_MISFORTUNES_OF_ELPHIN_Q7751712,27.676429137697294,61.024467284193584,2.9802322e-08,1.0
45,THE_MAN_OF_FEELING_Q7750109,23.275594732984988,50.196716187582,0.612431,1.0
46,SILAS_MARNER_Q638327,23.85549226878339,50.3060778550091,2.9802322e-08,1.0
47,WUTHERING_HEIGHTS_Q202975,16.971741614068947,36.0190725826378,0.4047821,0.9929078014184397
48,NEW_ARABIAN_NIGHTS_noWikiID,22.05774493278477,46.3798640557416,0.4662098,1.0
49,WIVES_AND_DAUGHTERS_Q2453239,16.266927201740632,34.45814707627545,0.24976256,0.9984399375975039
50,THE_BODY-SNATCHER_noWikiID,22.307901167067232,47.69200227015673,0.90431046,1.0
51,PETER_AND_WENDY_Q3435337,25.072672584885225,55.02762041173844,0.6806304,1.0
52,SING_A_SONG_OF_SIXPENCE_noWikiID,27.853132084637487,61.25491437447564,5.1619136e-08,1.0
53,HIDE_AND_SEEK_noWikiID,23.825875916228643,49.489934238607844,0.3390169,0.9973118279569892
54,ODD_MAN_OUT_noWikiID,36.0462798182001,86.40532864495607,1.3898828,1.0
55,THE_BATTLE_OF_THE_BOOKS_Q7715895,29.283289142415022,63.804956058648486,5.1619136e-08,1.0
56,THE_PORTRAIT_OF_MR._W._H._noWikiID,26.312638571547723,57.15720849238828,5.9604645e-08,1.0
57,MR_MIDSHIPMAN_EASY_Q1936382,23.45143592585166,49.30869658835165,0.38354227,0.996969696969697
58,ALICE'S_ADVENTURES_IN_WONDERLAND_Q92640,24.590502399111763,54.6023128432143,2.9802322e-08,1.0
59,AT_THE_END_OF_THE_PASSAGE_noWikiID,23.081834205416705,52.14122020135068,4.2146848e-08,1.0
60,HOWARDS_END_Q1146642,20.087774210571926,41.655728620278566,0.4170781,1.0
61,THE_BETH_BOOK_noWikiID,20.423072615144342,43.0233181553736,2.9802322e-08,1.0
62,EVENINGS_AT_HOME_Q5416654,30.567099428854867,63.8388892675257,0.5143644,1.0
63,THE_MILL_ON_THE_FLOSS_Q1215018,21.53725526979499,45.296678459760194,2.9802322e-08,0.9958333333333333
64,CITY_SCENES_noWikiID,31.96257699404574,70.48550833262858,2.9802322e-08,1.0
65,THE_FIDDLER_OF_THE_REELS_Q2288667,28.995414040938133,62.86167794433534,5.9604645e-08,1.0
66,THE_HAPPY_PRINCE_AND_OTHER_TALES_Q797466,23.511742178604283,52.38982054128713,2.9802322e-08,1.0
67,ENNUI_Q117149111,23.78846520294126,49.88239293512569,0.43150935,0.994475138121547
68,THE_AYRSHIRE_LEGATEES_noWikiID,24.798657684637828,53.24903939194221,2.9802322e-08,1.0
69,VARNEY_THE_VAMPIRE_Q1987925,18.395742576630216,38.81588314431298,2.1073424e-08,1.0
70,THE_FAIR_MAID_OF_PERTH_Q3209885,21.464864404064077,45.61834727808973,2.9802322e-08,0.9976303317535545
71,CONINGSBY_Q5161083,23.892738679490737,49.45865253540499,0.50706315,1.0
72,HESTER_noWikiID,19.790033782514303,41.70583984076483,2.9802322e-08,1.0
73,MANSFIELD_PARK_Q469690,21.835785065883197,46.59741334370484,0.40343678,1.0
74,AN_OUTCAST_OF_THE_ISLANDS_Q1090444,19.819758472940045,41.848465745796666,2.1073424e-08,1.0
75,ARMADALE_Q4792516,19.421353739969284,40.76328020082982,2.9802322e-08,1.0
76,THE_ADVENTURES_OF_DAVID_SIMPLE_noWikiID,20.635844508729832,44.38466140083566,2.1073424e-08,0.996
77,UNKNOWN_TO_HISTORY_noWikiID,18.383958504249943,39.013985079590825,0.5432328,0.9974093264248705
78,JACK_SHEPPARD_noWikiID,21.47552068815089,45.16251634207161,0.35926086,0.9922077922077922
79,THE_TRUMPET_noWikiID,19.011906244398688,40.23799532735492,2.1073424e-08,1.0
80,THE_NEW_ROAD_noWikiID,21.493273589161916,46.06381584514114,2.1073424e-08,1.0
81,THE_LIFTED_VEIL_(NOVELLA)_Q6763446,24.971677173549768,54.027221604961944,5.9604645e-08,1.0
82,OUR_MUTUAL_FRIEND_Q1557935,21.444877976811494,44.88070081571583,2.1073424e-08,0.9974874371859297
83,SENTIMENTAL_TOMMY_noWikiID,23.566781797641436,50.63621003851546,0.546238,1.0
84,THE_HOUSE_ON_THE_BORDERLAND_Q740473,22.728423479911385,48.423973550952994,0.6912021,1.0
85,THE_QUADROON_noWikiID,22.979668546179944,48.05858209190312,3.6500243e-08,1.0
86,ORLEY_FARM_(NOVEL)_Q16962094,20.052679478423077,42.38212023670859,0.27983326,0.9986168741355463
87,ZOE_noWikiID,21.92654978715475,49.64341892793779,2.9802322e-08,1.0
88,THE_PRINCESS_AND_THE_GOBLIN_Q466505,23.04698009169752,49.73581475840845,2.1073424e-08,1.0
89,THE_TAILOR_OF_GLOUCESTER_noWikiID,30.11878354800383,70.5111222021663,5.9604645e-08,1.0
90,THE_GREEN_CARNATION_Q7738140,24.868209860047234,54.02663983224062,4.2146848e-08,1.0
91,A_DRAMA_IN_MUSLIN_noWikiID,19.30138738680702,40.87031071081107,3.6500243e-08,1.0
92,KIM_(NOVEL)_Q589868,20.827079291562598,43.6695242026396,0.57331496,1.0
93,SONS_AND_LOVERS_Q80771,19.481821800470872,41.30318078635517,2.1073424e-08,0.9951219512195122
94,THE_MARTIAN_noWikiID,22.69108243734485,47.379069612974725,0.36727387,1.0
95,THE_PRIME_MINISTER_noWikiID,18.14187567051727,38.51409877529152,0.2212395,0.9953775038520801
96,ALTON_LOCKE_Q4736895,21.92804501564659,46.00557908973207,2.1073424e-08,1.0
97,MARTIN_CHUZZLEWIT_Q1903609,21.033433344407662,44.208436772840614,2.1073424e-08,0.9975429975429976
98,THE_STORY_OF_THE_AMULET_Q7766831,18.988513646377207,40.84885096324813,3.6500243e-08,1.0
99,THE_HOUSE_BY_THE_CHURCHYARD_Q4165605,20.875658989813306,44.15243792542569,0.4845478,1.0
100,THE_GREAT_TABOO_noWikiID,21.788159912537115,46.75737788719649,0.58081096,1.0
101,THE_EVIL_GUEST_noWikiID,22.61578531372693,46.920743291444936,0.65792793,1.0
102,THE_HEIR_OF_REDCLYFFE_Q7739314,18.488131073795714,38.77889521207525,2.1073424e-08,0.9946140035906643
103,THE_HISTORY_AND_REMARKABLE_LIFE_OF_THE_TRULY_HONOURABLE_COL_noWikiID,25.32633803582923,54.015084311236485,2.9802322e-08,1.0
104,CAPTAIN_SINGLETON_Q1728631,23.516325169024537,50.329274950116016,0.5160048,0.9957983193277311
105,AN_APOLOGY_FOR_THE_LIFE_OF_MRS._SHAMELA_ANDREWS_Q2743569,23.37812433530324,53.24776303576889,0.970395,1.0
106,A_CHRISTMAS_CAROL_Q62879,20.76895323166325,43.48175886582644,3.6500243e-08,1.0
107,ROB_ROY_Q2156104,22.76167289742043,47.8428444689793,0.31848088,0.995475113122172
108,THE_HAUNTED_MAN_AND_THE_GHOST'S_BARGAIN_Q3795070,22.103373689870615,46.929253921855455,0.54854363,1.0
109,PRIDE_AND_PREJUDICE_Q170583,19.795168673745703,41.98266841578104,0.30141675,1.0
110,THE_MERCENARY_LOVER_noWikiID,22.696401333301676,48.081080742927156,0.7083629,1.0
111,LOVE_AND_MADNESS_Q6691643,26.580930975079973,56.57763018356389,4.2146848e-08,1.0
112,FRANKENSTEIN_Q150827,24.090515383475434,50.45226763030205,0.5038688,1.0
113,FLATLAND_noWikiID,31.82362938466461,67.58137158951187,0.95397145,1.0
114,THE_AMBASSADORS_Q650571,18.71555539810356,39.18361802386281,0.2766569,0.9692307692307692
115,PAMELA_OR_VIRTUE_REWARDED_Q2048624,19.83701144046104,42.176776337342304,0.33196142,1.0
116,THE_LIFE_OF_JOHN_BUNCLE_noWikiID,24.75607172305506,51.520082554966855,3.6500243e-08,1.0
117,CHRONICLES_OF_THE_CANONGATE_Q17352486,27.53997373393068,58.734858167772536,0.5110001,1.0
118,KIDNAPPED_(NOVEL)_Q2349094,22.441282198861995,48.168461357286276,2.9802322e-08,0.9947643979057592
119,A_JOURNAL_OF_THE_PLAGUE_YEAR_Q1215399,26.349943127374257,56.442093311719425,0.735238,1.0
120,THE_LAST_DAYS_OF_POMPEII_Q1218985,24.024650055431913,50.16073690543094,2.1073424e-08,1.0
121,THE_PRIVATE_MEMOIRS_AND_CONFESSIONS_OF_A_JUSTIFIED_SINNER_Q2992437,23.85318311217282,51.11123795241801,2.1073424e-08,1.0
122,DUBLINERS_Q459592,24.27072026045382,51.77204281984735,0.49393606,1.0
123,THE_COMING_OF_CUCULAIN_noWikiID,23.707908560947473,51.53226376531385,0.771824,1.0
124,LOSS_AND_GAIN_Q3259809,23.954729200288114,50.322602490677454,2.9802322e-08,1.0
125,SECRESY_noWikiID,22.133514948535527,47.02768733098863,0.4668998,1.0
126,JUDE_THE_OBSCURE_Q1248773,20.066290051741955,41.91213877886136,2.1073424e-08,0.9942363112391931
127,THE_UNTILLED_FIELD_noWikiID,21.028711154559932,44.226823382333116,2.9802322e-08,1.0
128,MAZEPPA_noWikiID,23.031002951749077,50.00892098005291,2.9802322e-08,1.0
129,NIGHT_AND_MORNING_noWikiID,23.736974462113025,50.030346796880245,0.6051149,1.0
130,THE_NETHER_WORLD_Q7753436,18.54875272349032,39.22085324299798,0.30470616,0.9973753280839895
131,OLIVER_TWIST_Q164974,21.045147046313804,44.90366268126988,2.9802322e-08,1.0
132,LOST_DIARIES_noWikiID,27.705137720061053,58.476124128779226,2.9802322e-08,1.0
133,PHANTASTES_Q1616808,25.53621605752383,53.43672974244642,2.9802322e-08,1.0
134,WITH_THE_NIGHT_MAIL_noWikiID,31.200156519990426,69.02183691771927,4.2146848e-08,1.0
135,COUNT_ROBERT_OF_PARIS_noWikiID,22.11820709559159,46.4946639260856,0.34901717,0.9886363636363636
136,THE_SEAFARER_noWikiID,21.386041086544203,46.90121947755419,2.9802322e-08,1.0
137,THE_CRICKET_ON_THE_HEARTH_Q825220,23.354872677802078,50.9812799971061,0.77804387,1.0
138,DISCIPLINE_noWikiID,22.028208714686713,46.40845406211358,2.9802322e-08,0.9971590909090909
139,DREAMERS_OF_THE_GHETTO_noWikiID,24.521380058493474,50.78373050218856,2.1073424e-08,1.0
140,THE_SLEEPER_AWAKES_Q650949,21.069209520262874,44.02680345983622,0.4968107,1.0
141,JESSICA'S_FIRST_PRAYER_noWikiID,23.415726794346106,51.25777216540177,0.7427774,1.0
142,THE_RECOLLECTIONS_OF_GEOFFREY_HAMLYN_Q121356927,18.655939089384823,39.244877377943844,0.39587158,0.9841269841269841
143,CHANCE_Q793748,20.098567205433852,42.722591245418975,0.41415954,0.9937304075235109
144,YEAST_noWikiID,20.755468353533864,43.45714942591578,0.39917085,1.0
145,THE_WILD_IRISH_GIRL_Q7774872,22.735252475159413,47.64002263955999,2.1073424e-08,0.9954337899543378
146,PETER'S_PENCE_noWikiID,37.69418671529729,89.55407562393475,4.2146848e-08,1.0
147,THE_THREE_MIDSHIPMEN_noWikiID,19.07295258431838,41.160457624391576,0.4673517,0.997289972899729
148,CARROTS_noWikiID,21.829320911170257,47.420715491364966,2.9802322e-08,1.0
149,THE_COUNTRY_OF_THE_BLIND_Q823691,28.258114941802628,62.15019602811456,2.9802322e-08,1.0
150,CLEG_KELLY_noWikiID,24.067013418901645,51.2103673062038,0.69036055,1.0
151,MATHILDA_Q3851863,33.19901384923355,69.50048987534625,2.9802322e-08,1.0
152,THE_UNCLASSED_Q7771311,19.407419321578573,40.598023355338555,0.27428365,1.0
153,THROUGH_THE_LOOKING-GLASS_Q220331,22.600594288712575,48.94338971198509,0.63620573,1.0
154,SPIES_OF_THE_KAISER_noWikiID,22.184050289882727,46.55515876598816,2.1073424e-08,0.9948186528497409
155,A_LADY'S_LIFE_IN_THE_ROCKY_MOUNTAINS_noWikiID,22.486423701359676,48.65958949724934,2.1073424e-08,1.0
156,JOHN_HALIFAX_GENTLEMAN_Q6237289,19.70170625015373,41.48944003864123,0.34151956,0.9977116704805492
157,THE_VILLAGE_IN_THE_JUNGLE_Q19902832,24.100607578956303,52.31004070535516,4.2146848e-08,1.0
158,THE_CLEVER_WOMAN_OF_THE_FAMILY_noWikiID,18.449844732235746,38.56924528043878,2.1073424e-08,0.9976525821596244
159,MELMOTH_THE_WANDERER_Q1475956,22.403352701203275,46.55449514824429,2.9802322e-08,1.0
160,THE_HISTORY_OF_EMILY_MONTAGUE_Q42191035,21.437449784997924,45.508729733561125,0.5657527,1.0
161,THE_AUTOBIOGRAPHY_OF_MARK_RUTHERFORD_noWikiID,21.963412505164527,46.2861547043454,0.65227175,1.0
162,THE_MAN_WHO_WOULD_BE_KING_Q1129936,24.235402186248514,52.476803579352826,0.97046494,1.0
163,THE_MURDERED_COUSIN_noWikiID,22.630653865488334,47.37644621683819,4.2146848e-08,1.0
164,MICAH_CLARKE_Q3050442,22.239484961033998,47.338600716264146,3.6500243e-08,0.9975728155339806
165,THE_ADVENTURES_OF_SHERLOCK_HOLMES_Q392147,21.529667629393096,45.89629262908122,0.49782556,0.9919678714859438
166,THE_CHANNINGS_(NOVEL)_Q7722115,18.9510189294885,40.49923972268036,3.6500243e-08,1.0
167,"THE_GOVERNESS;_OR,_THE_LITTLE_FEMALE_ACADEMY_Q7737400",27.472942715104857,59.97166783387065,5.9604645e-08,1.0
168,OUR_VILLAGE_Q7111226,26.702396943098236,56.90667168984388,2.9802322e-08,1.0
169,PUCK_OF_POOK'S_HILL_Q4342308,28.344233670926382,61.76172069441352,0.77606744,1.0
170,HELBECK_OF_BANNISDALE_Q19572074,21.049273537673123,43.99447460016884,2.1073424e-08,1.0
171,A_TALE_OF_TWO_CITIES_Q308918,22.251878948935293,46.21165866138958,4.712161e-08,1.0
172,MORAL_TALES_noWikiID,24.174823030328877,50.80008493193183,2.1073424e-08,1.0
173,THE_CAXTONS_Q16385244,23.146225454670336,48.291106443438125,2.1073424e-08,0.9956331877729258
174,THE_MAN_WHO_COULD_WORK_MIRACLES_(SHORT_STORY)_Q7749926,23.577742922386122,51.65539864671897,4.2146848e-08,1.0
175,HEART_AND_SCIENCE_noWikiID,20.309573859772666,42.7569605207908,0.28270358,0.9968454258675079
176,NO_NAME_(NOVEL)_Q7044605,21.15880080964201,44.35149263882605,0.29046828,1.0
177,A_MERE_ACCIDENT_noWikiID,25.733404127992,53.95421123778655,0.58641267,1.0
178,MARY_A_FICTION_Q2900963,25.014814936026532,53.45129318034588,4.2146848e-08,1.0
179,THE_PICKWICK_PAPERS_Q460583,18.902409248678747,39.919735592854586,2.1073424e-08,1.0
180,THE_ROMANCE_OF_A_SHOP_Q17019147,18.653332045826012,39.62504623565962,0.6436355,1.0
181,THE_WINGS_OF_A_DOVE_Q1557588,16.153178270851207,34.007666226847796,2.9802322e-08,0.9977324263038548
182,ALMAYER'S_FOLLY_Q2404359,21.499228252309845,45.73515304977957,4.2146848e-08,1.0
183,LONGSWORD_(NOVEL)_Q104859091,30.530999482036517,67.61597653428905,4.2146848e-08,1.0
184,DAVID_COPPERFIELD_Q189811,20.31855304176619,42.753892767802675,3.6500243e-08,1.0
185,RED_POTTAGE_noWikiID,21.3919163082182,45.696817399951115,0.38722304,1.0
186,TYPHOON_Q1329329,21.34936421421876,46.98436670548814,3.6500243e-08,1.0
187,THE_HEART_OF_MIDLOTHIAN_Q2091094,22.643645567106987,47.94050573751822,3.6500243e-08,0.9981203007518797
188,NOUGHTS_&_CROSSES_noWikiID,23.815985780434577,51.36739797656141,2.1073424e-08,1.0
189,WAYFARERS_noWikiID,18.37032928280455,39.32262537691119,2.9802322e-08,1.0
190,THE_BLACK_ARROW_noWikiID,23.060214538583605,49.47258880068554,0.5239331,1.0
191,RECOLLECTIONS_OF_A_DETECTIVE_POLICE_OFFICER_noWikiID,24.69767054484815,51.99501054369527,2.1073424e-08,1.0
192,THE_ANTIQUARY_Q1157183,23.89414020747821,50.09116815210173,3.6500243e-08,1.0
193,THE_SHADOW_OF_ASHLYDYAT_noWikiID,17.9615451105535,37.88486866391824,2.9802322e-08,1.0
194,VERTUE_REWARDED_Q104811485,26.16459362922889,56.960535806132796,0.69908804,1.0
195,CARNIVAL_noWikiID,22.250219662432436,46.67209484473087,3.6500243e-08,1.0
196,THE_REVOLUTION_IN_TANNER'S_LANE_noWikiID,20.570840816038714,43.06805048392654,0.44201747,1.0
197,ON_THE_FACE_OF_THE_WATERS_Q59151630,21.119441804745737,44.7499325158839,3.6500243e-08,1.0
198,THE_ADVENTURES_OF_HUGH_TREVOR_noWikiID,21.8813766598754,45.588359588378694,3.6500243e-08,0.9957081545064378
199,LITTLE_DORRIT_Q565638,21.564576716789237,44.966286667114105,2.9802322e-08,0.9987515605493134
200,NEWS_FROM_NOWHERE_Q7019506,24.056099098638892,51.04268856322055,2.9802322e-08,1.0
201,THE_PARENT'S_ASSISTANT_Q3522169,22.995257848935317,48.84267918379756,2.9802322e-08,1.0
202,THE_HISTORY_OF_JACK_CONNOR_noWikiID,21.73570666465928,45.92947569378337,0.47397146,1.0
203,THE_CANTERVILLE_GHOST_Q288020,21.77345875251053,48.22081761712815,0.71818805,1.0
204,A_POLITICAL_ROMANCE_Q4658949,26.1979815833443,59.67506547227465,0.9799116,1.0
205,THE_BLACK_PROPHET_noWikiID,21.05334823350104,44.58579566637579,2.1073424e-08,1.0
206,THE_OLD_WIVES'_TALE_noWikiID,19.016144200168466,39.805756209770635,2.1073424e-08,1.0
207,THE_WARDEN_Q3818437,22.136875016594058,47.305355787394625,3.6500243e-08,1.0
208,THE_WIDOW_BARNABY_noWikiID,18.1163869853134,38.316189369068574,3.6500243e-08,1.0
209,THE_SECRET_ROSE_noWikiID,24.271564446563012,53.17634549054453,0.7567333,1.0
210,TALES_OF_FASHIONABLE_LIFE_noWikiID,20.98191105175037,44.45178709605988,4.712161e-08,1.0
211,LOVE_AMONG_THE_RUINS_noWikiID,23.625747172393968,50.5764816413272,0.83068556,1.0
212,TREASURE_ISLAND_Q185118,19.868052610763964,42.51113944517407,4.2146848e-08,1.0
213,MOPSA_THE_FAIRY_noWikiID,27.040160435438978,59.65648201899544,0.6455773,1.0
214,THE_PRIVATE_PAPERS_OF_HENRY_RYECROFT_Q17027661,22.873062147691105,47.817600520724916,2.1073424e-08,1.0
215,"AFTER_LONDON;_OR,_WILD_ENGLAND_noWikiID",24.849289360728307,52.56876942251146,2.9802322e-08,1.0
216,THE_MIRROR_OF_THE_SEA_noWikiID,24.085008519579738,50.997601747406826,4.2146848e-08,1.0
217,HENRY_DUNBAR_noWikiID,22.462708465276332,47.297252539170366,0.4198917,0.9891304347826086
218,TALES_FROM_SHAKESPEARE_Q589197,26.987256156968485,59.231219294616636,2.9802322e-08,1.0
219,A_BELEAGUERED_CITY_noWikiID,20.186519745039483,42.616882916609796,0.5262556,1.0
220,THE_YOUNG_BUGLERS_noWikiID,22.308723108628833,47.10763210254013,2.1073424e-08,1.0
221,MY_LADY_LUDLOW_Q16387198,23.846010222032923,49.86507957692151,2.1073424e-08,1.0
222,THE_CHILDREN_OF_THE_NEW_FOREST_Q7722508,22.191369680057512,47.872214579418326,0.5155136,1.0
223,THE_HISTORY_OF_MR_POLLY_Q2507552,24.933066366018277,54.28391192215191,0.5867215,1.0
224,THE_CASTLE_OF_OTRANTO_Q548576,22.854207086656988,49.66079468675633,4.2146848e-08,1.0
225,THE_NEW_MAGDALEN_noWikiID,19.251099514229004,40.74839226770247,0.41523665,0.9958677685950413
226,SANDITON_Q3180417,27.307737083595455,60.03755862560126,0.87352145,1.0
227,WAVERLEY_Q678251,20.521490998080292,43.376390091639884,3.6500243e-08,1.0
228,ST_LEON_Q7589523,21.992434719276126,46.08970152708118,2.1073424e-08,1.0
229,THE_INTERPRETERS_noWikiID,21.809862217015763,45.708434162735905,0.471404,1.0
230,NIGHTMARE_ABBEY_Q4054406,25.93169999622274,55.43036880791012,2.9802322e-08,1.0
231,IT_IS_NEVER_TOO_LATE_TO_MEND_(NOVEL)_Q6091852,23.23880596805903,49.063928521513354,0.39547402,0.9951923076923077
232,THE_BLACK_DWARF_noWikiID,23.7084463126106,50.758801545677514,0.45969534,1.0
233,CROTCHET_CASTLE_Q5188976,30.08596556916807,64.20979966972385,2.9802322e-08,1.0
234,PHILISTIA_noWikiID,22.884488405719814,48.096117442713755,2.9802322e-08,1.0
235,THE_LANCASHIRE_WITCHES_Q7745322,22.84924927771042,47.91401616312546,2.1073424e-08,0.9873873873873874
236,LITTLE_LORD_FAUNTLEROY_Q387480,22.159453296945372,47.00370566195189,2.1073424e-08,1.0
237,VIVIAN_GREY_Q7937713,20.672721087057774,43.204195425835735,2.9802322e-08,1.0
238,THE_EXPEDITION_OF_HUMPHRY_CLINKER_Q3203413,23.10978796331897,49.037967310230265,2.1073424e-08,0.9968847352024922
239,AFTER_DARK_noWikiID,21.73361703288032,45.47006933302311,0.46774125,0.9968454258675079
240,AULD_LICHT_IDYLLS_noWikiID,24.378327178505835,52.3555709929382,0.7142521,1.0
241,BLACK_BEAUTY_Q880092,24.89262372539867,55.519930091601,0.8232852,0.9926470588235294
242,THE_MOONSTONE_Q2362563,20.09382325297838,42.759296694211834,2.9802322e-08,0.9892703862660944
243,THE_DARK_FLOWER_noWikiID,19.13531982906148,40.44602601368636,0.4630839,1.0
244,THYRZA_noWikiID,17.949136920778027,37.79487721383723,2.9802322e-08,0.9978858350951374
245,THE_PORTRAIT_OF_A_LADY_Q861017,17.341012633475145,36.5064222643404,3.6500243e-08,0.9927797833935018
246,LEVER'S_LORD_KILGOBBIN_noWikiID,20.64441119090715,43.07387582269855,2.9802322e-08,0.9979716024340771
247,CHARLOTTE_TEMPLE_noWikiID,25.31569743875311,54.86273972558038,5.1619136e-08,0.9879518072289156
248,LORNA_DOONE_Q3400981,20.989547162716708,44.25594720707728,0.35845113,0.9984126984126984
249,OLD_MORTALITY_Q3234969,25.59534667738336,54.9892209638979,2.9802322e-08,1.0
250,CELIBATES_noWikiID,24.19496832835074,51.232089479726675,2.9802322e-08,0.9911111111111112
251,AMY_FOSTER_Q4749187,21.433863558671113,48.069270098491984,2.9802322e-08,1.0
252,CASTLE_RICHMOND_Q5050241,21.133038930934372,44.362336916357044,0.24831082,1.0
253,THREE_WEEKS_noWikiID,19.62944582210651,41.204062323948285,4.2146848e-08,1.0
254,ACTIONS_AND_REACTIONS_noWikiID,26.100865931930862,55.288011202937604,0.56252927,0.9940119760479041
255,THE_CHIMES_Q3828573,25.227641724550086,54.13357302970497,2.1073424e-08,1.0
256,JOHN_BURNET_OF_BARNS_noWikiID,24.289517373605104,52.04292433925016,2.9802322e-08,0.9962406015037594
257,ADAM_BEDE_Q2611046,20.391473894650833,43.09673328489354,0.32473534,0.994
258,THE_EMIGRANTS_OF_AHADARRA_noWikiID,21.619679937399653,45.69653854897883,3.6500243e-08,1.0
259,"THE_EXPERIENCES_OF_LOVEDAY_BROOKE,_LADY_DETECTIVE_noWikiID",20.488772269360876,43.413461041989315,2.1073424e-08,0.9866666666666667
260,THE_MONK_Q2659564,21.642417845306486,45.799209493083836,2.1073424e-08,0.9968051118210862
261,THE_LUCK_OF_BARRY_LYNDON_Q2124771,21.06108470012936,45.08460822770534,2.1073424e-08,1.0
262,MIDDLEMARCH_Q313129,21.47212630818153,44.80819683717396,2.1073424e-08,0.9986320109439124
263,HEADLONG_HALL_Q5689829,29.210556918519607,63.056673187942174,0.7471249,1.0
264,POPULAR_TALES_noWikiID,23.629362208760625,50.17483368768532,0.37005237,0.9977426636568849
265,PATRONAGE_(NOVEL)_Q7148133,22.086129194686936,45.96131512546383,2.1073424e-08,1.0
266,KIPPS_Q1249082,22.74862891600964,47.61983277833432,3.6500243e-08,1.0
267,FELIX_HOLT_THE_RADICAL_Q5442230,22.541966754918704,46.669945435374885,2.9802322e-08,1.0
268,IN_THE_YEAR_OF_JUBILEE_Q19572195,20.232101723703643,42.528199320994425,0.33400264,0.996875
269,THE_ADVENTURES_OF_ANTHONY_VARNISH_noWikiID,21.84852285275443,46.72206090463403,2.1073424e-08,1.0
270,THE_MAN_noWikiID,20.458559511744387,42.45331637196843,3.6500243e-08,0.995850622406639
271,THE_PARASITE_Q5295669,18.34797218206893,40.043538334839745,0.711946,1.0
272,OUT_ON_THE_PAMPAS_noWikiID,23.994435777042117,51.45115496490663,0.47518805,1.0
273,EREWHON_REVISITED_Q5385740,23.817043463351176,50.374979878084055,3.6500243e-08,0.9896907216494846
274,NORTHANGER_ABBEY_Q477508,22.096702661042652,46.831560527869,2.9802322e-08,1.0
275,THE_GREAT_GOD_PAN_Q1394704,24.72566549952519,52.26377741155539,0.923841,1.0
276,THE_HILL_OF_DREAMS_Q1394147,21.95573183478914,46.32635984868907,4.2146848e-08,1.0
277,THE_WAR_IN_THE_AIR_Q964055,22.783471264686664,47.96711483192897,0.5378828,0.9955947136563876
278,THE_NIGGER_OF_THE_NARCISSUS_Q478537,21.49441960489279,46.326007874393376,0.63233054,1.0
279,A_COMPLETE_COLLECTION_OF_GENTEEL_AND_INGENIOUS_CONVERSATION_Q4656050,28.686896321096157,64.56795659436533,5.9604645e-08,1.0
280,JONATHAN_WILD_noWikiID,27.41629228405494,60.23270602010126,2.9802322e-08,1.0
281,THE_GENTLEMAN_noWikiID,20.25010169817829,43.93896243517068,0.45850006,1.0
282,WINTER_EVENING_TALES_Q96415343,21.436982480756793,44.793279786554955,0.5662607,1.0
283,ESTHER_WATERS_Q5401319,20.79411661225188,43.96081326712491,4.2146848e-08,0.993993993993994
284,THE_ABBOT_Q2717772,21.367677248100655,45.69366097368939,3.6500243e-08,0.990521327014218
285,HALF_A_LIFE-TIME_AGO_noWikiID,26.755926209675405,59.87138860498545,4.2146848e-08,1.0
286,NEW_GRUB_STREET_noWikiID,19.985888463012486,42.08454791835004,2.1073424e-08,1.0
287,THE_ROMANY_RYE_Q7761435,24.207948534306666,50.989205120271535,2.1073424e-08,1.0
288,THE_OLD_ENGLISH_BARON_Q3796165,21.39144489360348,47.32368898061151,4.2146848e-08,1.0
289,THE_MYSTERIES_OF_LONDON_Q7752831,22.93104453566599,47.64265389919088,2.1073424e-08,1.0
290,THE_MANXMAN_noWikiID,18.714915631850275,39.59384887287168,0.40333405,0.9939879759519038
291,VALPERGA_noWikiID,19.887454428288372,41.64780201514818,0.41277474,1.0
292,THE_WELL-BELOVED_Q2906193,18.096360318404017,37.47760200863459,3.6500243e-08,1.0
293,ACROSS_THE_ZODIAC_Q4676516,23.90419622499966,49.34318957893754,0.5812261,0.9972677595628415
294,A_SPORTSMAN'S_SKETCHES_noWikiID,28.339569524788402,62.488449433591775,4.2146848e-08,1.0
295,ADELINE_MOWBRAY_Q65083334,19.66615699649691,41.850232002729236,2.1073424e-08,0.9958847736625515
296,RINGAN_GILHAIZE_noWikiID,22.585393131270063,48.339988364577394,3.6500243e-08,0.984375
297,THE_DYNAMITER_noWikiID,21.146786197390252,44.01577299320172,2.9802322e-08,1.0
298,THE_SHADOW_OF_A_CRIME_1885_noWikiID,20.47477661439966,43.294951579320326,2.9802322e-08,0.9966216216216216
299,DIANA_OF_THE_CROSSWAYS_Q5271362,19.454815847977102,40.70231808592582,4.2146848e-08,1.0
300,THE_PHOENIX_AND_THE_CARPET_Q3795974,19.38492000447114,42.16187726959988,0.48495036,1.0
301,DOCTOR_THORNE_noWikiID,21.24608109019226,44.98706602213152,3.6500243e-08,1.0
302,THE_MONASTERY_Q3224650,21.47335368950033,45.52673610704834,0.26409358,1.0
303,SUSPIRIA_DE_PROFUNDIS_Q3978307,26.841920371235435,56.84867777603195,0.7015461,1.0
304,A_PAIR_OF_BLUE_EYES_Q2931240,20.082678934680175,41.77177068269112,0.39575613,0.9904761904761905
305,SANDERS_OF_THE_RIVER_noWikiID,22.214252001959718,48.204772952433835,0.733488,1.0
306,HOLIDAY_HOUSE_noWikiID,23.20889642110421,49.71762129905546,0.51348484,1.0
307,THE_FIRST_MEN_IN_THE_MOON_Q1218232,25.755001295479072,55.236521922200744,4.2146848e-08,1.0
308,A_DARK_NIGHT'S_WORK_Q16385401,20.545159980401188,43.35552739964161,0.46615905,0.9869281045751634
309,FAR_FROM_THE_MADDING_CROWD_Q5642996,21.751073947915177,45.38259521436388,0.40748346,0.996969696969697
310,THE_TRIUMPH_OF_PRUDENCE_OVER_PASSION_noWikiID,20.236401488742775,44.65157360966963,0.5732362,0.9928571428571429
311,CECILIA_Q3233990,20.92985847452049,44.10427632474846,0.21835846,0.9986876640419947
312,GLENARVON_Q3771960,22.71091323126142,47.729412547462005,0.3628078,1.0
313,SARTOR_RESARTUS_Q1134140,23.850796623662394,50.44768061291533,0.6853037,1.0
314,THE_SIGNAL-MAN_Q1002362,19.466946618385236,43.40484234916196,0.974041,1.0
315,CONFESSIONS_OF_A_YOUNG_MAN_Q5160039,28.387052636591495,59.239991056842804,4.2146848e-08,1.0
316,MOLL_FLANDERS_Q612523,22.485490194910838,47.82490207521946,0.36313826,1.0
317,MARIA_OR_THE_WRONGS_OF_WOMAN_Q890170,23.731997738774407,50.90465695794304,2.9802322e-08,1.0
318,THE_JUNGLE_BOOK_Q189509,27.72199091471257,62.962985601267405,4.2146848e-08,1.0
319,MEMOIRS_OF_A_MAGDALEN_Q6815279,23.61740794531734,50.812087199477986,4.2146848e-08,1.0
320,THE_INHERITORS_(CONRAD_AND_FORD_NOVEL)_Q7742035,18.982770355778698,40.15204958759371,2.1073424e-08,1.0
321,THE_WHITE_COMPANY_noWikiID,19.637904627423534,41.76785586274919,0.38655385,1.0
322,MARRIAGE_noWikiID,23.0060715278939,48.408203606371536,2.9802322e-08,1.0
323,SELF-CONTROL_(NOVEL)_Q3478102,20.84509249611239,43.77672545129545,0.3058117,1.0
324,THE_HISTORY_OF_THE_NUN_Q7739821,28.924656075449082,65.6215914162867,0.66219646,1.0
325,THE_PERILS_OF_CERTAIN_ENGLISH_PRISONERS_noWikiID,22.314631890057044,48.711232315606345,0.6564325,1.0
326,CELESTINA_Q583705,20.240379257866426,42.06224479140391,2.9802322e-08,1.0
327,THE_HISTORY_OF_MISS_BETSY_THOUGHTLESS_noWikiID,16.988989748061165,36.17055628972451,2.9802322e-08,0.9960861056751468
328,HARD_CASH_(NOVEL)_Q30314349,22.13078546547681,45.93682705787575,4.2146848e-08,0.9984177215189873
329,THE_CLOISTER_AND_THE_HEARTH_Q7723455,20.983156387143424,44.01227895928623,0.40750828,0.997037037037037
330,AURORA_FLOYD_Q4822530,19.077710637174153,40.00286980387917,3.6500243e-08,0.9976744186046511
331,THE_ORDEAL_OF_RICHARD_FEVEREL_Q14476502,18.791648423279472,39.62539883204985,3.6500243e-08,0.9975609756097561
332,THE_SECRET_AGENT_Q1247666,20.033409181932033,42.62238480528785,0.51398164,1.0
333,A_CRYSTAL_AGE_Q4656205,22.44325484401905,46.971141205250454,0.60458535,1.0
334,A_LEGEND_OF_MONTROSE_Q3549611,24.66547473047719,53.4673517666521,2.9802322e-08,1.0
335,A_SICILIAN_ROMANCE_Q979649,26.854114501147382,58.0697965957827,0.6052822,1.0
336,LOVE_IN_EXCESS;_OR_THE_FATAL_ENQUIRY_Q1588738,26.15030212075436,57.5307418219561,0.5601181,1.0
337,THE_CROWN_OF_SUCCESS_noWikiID,22.639791665970435,48.3914846289794,0.6963026,1.0
338,THE_KING_OF_THE_PIRATES_noWikiID,29.05660566293952,66.62616371792758,1.0214115,1.0
339,THE_GOLDEN_AGE_noWikiID,19.453086011073896,40.98174220835844,2.1073424e-08,1.0
340,THE_LANDLEAGUERS_noWikiID,21.216188076007068,45.04073126753089,3.6500243e-08,1.0
341,THE_ITALIAN_(RADCLIFFE_NOVEL)_Q3204370,22.49657416498028,47.37078558303778,2.9802322e-08,0.9898477157360406
342,ST_IVES_Q4675044,19.545895050898956,41.14416942645491,0.4317788,1.0
343,A_LAODICEAN_Q2105252,19.167270494034913,40.135190310257975,2.9802322e-08,1.0
344,THE_KING_AND_QUEEN_OF_HEARTS_noWikiID,21.815358282454735,45.83704159499956,3.6500243e-08,1.0
345,MY_NEW_CURATE_noWikiID,22.464175218785837,47.55370046922892,2.9802322e-08,1.0
346,THE_CHANGELING_noWikiID,21.299493184845797,44.80268331644283,2.9802322e-08,1.0
347,ROBERT_ELSMERE_Q7344052,20.381536126515595,42.52337900652376,4.712161e-08,0.9955089820359282
348,JORROCK'S_JAUNTS_AND_JOLLITIES_noWikiID,25.029068522416466,54.05123675968114,0.629671,1.0
349,THE_HISTORY_OF_SANDFORD_AND_MERTON_Q7739806,23.797786544734166,50.62982932386532,0.43724087,1.0
350,THE_SCOTTISH_CHIEFS_noWikiID,19.310503169589644,40.832087516900174,2.9802322e-08,0.9954058192955589
351,DR_JEKYLL_AND_MR_HYDE_Q217352,22.773723299088218,47.67543523120955,0.7444836,1.0
352,SHIRLEY_(NOVEL)_Q615175,22.08885925555409,45.63388978414883,3.6500243e-08,1.0
353,"MY_KALULU_PRINCE,_KING,_AND_SLAVE_noWikiID",25.673041752736072,54.33056392745936,0.62835175,1.0
354,THE_ANTI-PAMELA_Q7713932,23.019953865976994,51.033216285545116,0.5601181,1.0
355,THE_TENANTS_OF_MALORY_noWikiID,19.095617610121842,40.42876719492388,2.1073424e-08,1.0
356,BLIND_LOVE_noWikiID,19.59512757384473,41.28675398709794,0.33462492,1.0
357,SENSE_AND_SENSIBILITY_Q274744,20.23185530166896,42.913650009572784,0.30141675,1.0
358,THE_WATER-BABIES_A_FAIRY_TALE_FOR_A_LAND_BABY_Q14914646,20.485489296557652,44.350456953477526,2.9802322e-08,1.0
359,THE_BROWNIE_OF_BODSBECK_Q96408508,22.652463328459426,48.08262210508209,2.1073424e-08,1.0
360,THE_ROSE_AND_THE_RING_Q7761552,25.043023754412715,54.18011071279751,4.2146848e-08,1.0
361,THE_WAY_WE_LIVE_NOW_Q7773866,17.743258271142917,37.67698029587825,4.2146848e-08,0.9926289926289926
362,NORTH_AND_SOUTH_(GASKELL_NOVEL)_Q1853142,21.21299641671539,44.7242771747507,0.24526636,1.0
363,FOR_THE_TERM_OF_HIS_NATURAL_LIFE_noWikiID,24.07239932518115,50.654302976794426,0.42834795,0.997716894977169
364,A_JOURNEY_FROM_THIS_WORLD_TO_THE_NEXT_noWikiID,22.820878390235016,49.05393120519087,0.6576991,1.0
365,TOMMY_AND_GRIZEL_Q124090899,17.50567714815123,36.975319290850464,0.43752167,1.0
366,THE_INVISIBLE_MAN_Q1539509,24.402723395072673,53.54012799888961,0.69384825,1.0
367,A_ROOM_WITH_A_VIEW_Q120288,18.442075819713097,39.37085973362643,0.4651489,1.0
368,DEERBROOK_noWikiID,21.915382963430524,45.911539289757364,2.1073424e-08,0.9941634241245136
369,THE_RIDDLE_OF_THE_SANDS_Q1170204,19.988135096463658,42.128117423814864,0.5348315,1.0
370,CAPTAINS_COURAGEOUS_Q1035138,29.064795423907015,65.59308950383938,4.2146848e-08,1.0
371,ZULEIKA_DOBSON_Q8075113,17.83961741953917,37.41929088305917,2.9802322e-08,0.9948979591836735
372,BORN_IN_EXILE_Q4945890,19.638655028305692,40.84713445961357,2.9802322e-08,0.9973262032085561
373,CLARISSA_Q980534,19.646698249630816,41.14068752633927,2.1073424e-08,0.9894543787253554
374,THE_CARVED_LIONS_Q7721468,22.957432708951742,50.96924515973616,2.9802322e-08,1.0
375,HELEN_noWikiID,21.6206025761252,45.439077241649855,2.1073424e-08,0.9928571428571429
376,THE_WOULDBEGOODS_noWikiID,19.63392404195375,42.520964007491855,4.2146848e-08,1.0
377,ADELA_CATHCART_noWikiID,20.956857903924316,43.808222165374794,0.40493205,1.0
378,LIFE_AND_PERAMBULATIONS_OF_A_MOUSE_noWikiID,25.615271345100357,55.366956394285275,0.7493391,1.0
379,THE_MAN_WHO_WAS_THURSDAY_Q959816,21.30723856832225,46.24908891253795,0.67090696,1.0
380,THE_SPOILS_OF_POYNTON_Q3809486,16.62193525022244,35.646075823016936,2.9802322e-08,1.0
381,CHILDREN_OF_THE_GHETTO_noWikiID,23.579145491869713,49.05540705965065,2.9802322e-08,0.9978813559322034
382,EMMELINE_Q5373421,20.95155953859486,43.99774648330671,2.1073424e-08,1.0
383,DESPERATE_REMEDIES_Q2846293,20.836218960891014,43.261663427767076,2.9802322e-08,1.0
384,THE_BICKERSTAFF_PAPERS_noWikiID,33.90238274338189,78.05218472333803,5.1619136e-08,1.0
385,TESS_OF_THE_D'URBERVILLES_Q649409,20.339360098674195,42.85535694204943,0.39992288,1.0
386,THE_SECOND_JUNGLE_BOOK_Q1101819,24.348042202510406,54.18175329622315,4.2146848e-08,1.0
387,HARRINGTON_noWikiID,23.76961897488554,49.723224206673144,2.9802322e-08,1.0
388,A_RIDE_ACROSS_PALESTINE_noWikiID,21.032611192079745,44.95816529942948,0.6541189,1.0
389,SCENES_OF_CLERICAL_LIFE_Q6544172,23.320325018267077,49.36906121472656,4.712161e-08,1.0
390,HARD_TIMES_(NOVEL)_Q1340493,22.10537068582179,46.053371705958234,2.9802322e-08,1.0
391,DRACULA_Q41542,22.35966088761759,46.8883320015997,2.1073424e-08,1.0
392,THE_MUMMER'S_WIFE_Q42186018,18.79346998763293,40.159547184799685,4.2146848e-08,0.993993993993994
393,PLATTNER_STORY_noWikiID,25.04139570536338,52.3489966035259,3.6500243e-08,1.0
394,THE_RETURN_OF_THE_NATIVE_Q141568,18.723404299243946,39.02234805788949,4.2146848e-08,1.0
395,KING_SOLOMON'S_MINES_Q1137494,22.076875921599463,46.49382198273838,0.43415567,1.0
396,A_DREAM_OF_JOHN_BALL_noWikiID,30.21432134912586,67.03071417446624,4.2146848e-08,1.0
397,"CATHERINE,_A_STORY_noWikiID",23.23250913494141,49.50133927641887,2.1073424e-08,1.0
398,ROOKWOOD_(NOVEL)_Q7366231,24.56946028356587,51.142037983931395,0.4349422,1.0
399,THE_AMERICAN_Q3080503,18.388870634049308,38.34550580274624,3.6500243e-08,0.9969230769230769
400,THE_DEMI-GODS_noWikiID,24.1330321634573,51.87580186524592,0.6199537,1.0
401,TOM_BROWN'S_SCHOOL_DAYS_Q7815084,21.513816053286554,45.7156877046848,0.5124115,1.0
402,SUNRISE_noWikiID,19.08475241446448,40.05902258633413,0.37341005,0.9976635514018691
403,NOSTROMO_Q430248,21.43833421140951,44.99265295299639,3.6500243e-08,1.0
404,MEMOIRS_OF_CARWIN_THE_BILOQUIST_Q6815263,24.127423667706115,49.942707137080234,2.9802322e-08,1.0
405,THE_WHITE_PEACOCK_Q7774542,19.06434667856157,40.65321199729734,3.6500243e-08,1.0
406,DAUGHTERS_OF_MEN_noWikiID,21.99502176574136,45.91874123241803,0.5119367,1.0
407,WHAT_MAISIE_KNEW_Q2943614,17.070715099151663,36.410853309817625,2.9802322e-08,0.995575221238938
408,A_MODEST_PROPOSAL_Q264143,27.88991044752411,66.57983288209498,1.3731407,1.0
409,COELEBS_IN_SEARCH_OF_A_WIFE_Q5140605,24.07480523909001,50.354550606451056,0.50737023,0.9967845659163987
410,THE_KING'S_OWN_noWikiID,22.928373177008954,47.99703186212955,2.9802322e-08,1.0
411,IN_A_GLASS_DARKLY_Q6011356,23.625165705829534,49.39276149815196,0.46225962,1.0
412,THE_ADVENTURES_OF_RODERICK_RANDOM_Q7712626,20.10336392272252,42.51208513967471,2.9802322e-08,0.9976133651551312
413,THE_MACDERMOTS_OF_BALLYCORAN_noWikiID,22.044940900898602,47.007280304091964,3.6500243e-08,0.9949109414758269
414,CONFESSIONS_OF_A_THUG_(NOVEL)_Q5160036,21.420896999020222,45.16164631777334,0.4908176,1.0
415,MADAM_HOW_AND_LADY_WHY_noWikiID,28.27577572326952,61.47802788403755,5.1619136e-08,1.0
416,THE_NEWCOMES_Q3522018,20.356290640436093,42.74958605140117,4.2146848e-08,0.9952718676122931
417,THE_ENCHANTED_CASTLE_Q2920166,20.518603680324894,44.31955550167515,2.9802322e-08,1.0
418,BLEAK_HOUSE_Q883305,21.378857535260394,44.671335959116874,4.712161e-08,0.9752358490566038
419,LIFE_AND_ADVENTURES_OF_PETER_WILKINS_noWikiID,25.829374887965102,54.41556992277849,0.45923242,1.0
420,THE_SECRET_GARDEN_Q472194,20.33996317822587,44.09262955880243,2.1073424e-08,1.0
421,THE_FORTUNES_OF_NIGEL_Q3230799,22.812337959304106,48.347708505096,2.1073424e-08,0.9956331877729258
422,THE_STORY_OF_A_MODERN_WOMAN_Q7766819,18.051090723135367,38.01529291591694,2.1073424e-08,1.0
423,THE_SILVERADO_SQUATTERS_noWikiID,21.483307721409123,45.27029178423074,0.7827883,1.0
424,MARIUS_THE_EPICUREAN_Q5477441,25.7794687769631,53.7177164796921,2.9802322e-08,1.0
425,WET_MAGIC_noWikiID,19.91157644150872,42.55831182567221,2.1073424e-08,1.0
426,EAST_LYNNE_Q5328900,19.060952886891442,40.212791938936164,2.9802322e-08,1.0
427,FANTOMINA_Q5434405,25.707152719217675,56.13755630347752,5.1619136e-08,1.0
428,THE_TENANT_OF_WILDFELL_HALL_Q44701,17.91384651262111,37.979459997784815,2.9802322e-08,1.0
429,THE_TALISMAN_(SCOTT_NOVEL)_Q952340,22.678149343212556,49.27372548952336,0.43110016,0.9931972789115646
430,TALE_OF_TWO_BAD_MICE_noWikiID,39.227796678779306,94.67894199294062,2.1306558,1.0
431,MASTERMAN_READY_OR_THE_WRECK_OF_THE_PACIFIC_Q6785376,22.34024772446098,47.53529475710905,0.47518805,1.0
432,TALES_OF_UNREST_noWikiID,24.047390801893837,51.19453455482023,0.5483458,1.0
433,GULLIVER'S_TRAVELS_Q181488,24.698613208808567,52.86128821028416,0.5139737,1.0
434,ALEC_FORBES_OF_HOWGLEN_noWikiID,19.6993287328956,41.88637941500674,2.9802322e-08,0.9955947136563876
435,NO_THOROUGHFARE_Q7045074,23.625088079608787,49.5758501169477,0.35412386,1.0
436,ZASTROZZI_Q8067086,24.33211645477253,53.42761728486058,5.1619136e-08,1.0
437,LORD_JIM_Q727408,21.58457099376841,46.233320004307345,2.9802322e-08,1.0
438,ANN_VERONICA_Q1247736,21.139418572820368,44.82361037331879,0.48739183,1.0
439,JOSEPH_ANDREWS_Q784226,23.730731209539094,50.603988885936,2.1073424e-08,1.0
440,STALKY_&_CO._Q4439259,21.07150678552199,44.86048901075779,2.9802322e-08,1.0
441,THE_BEETLE_(NOVEL)_Q7716299,20.17305489332605,42.32533895471425,2.1073424e-08,1.0
442,THE_HILL_noWikiID,20.25498408076966,43.31708727098718,0.701805,1.0
443,THE_O'DONOGHUE_noWikiID,20.13495659605555,42.20728800846575,0.433397,0.9976133651551312
444,SOME_EXPERIENCES_OF_AN_IRISH_R.M._noWikiID,19.814998452048318,42.67620058485382,2.1073424e-08,1.0
445,THE_VICAR_OF_WREXHILL_noWikiID,18.944421857998705,39.979143805561456,2.9802322e-08,0.9922680412371134
446,A_PATCH-WORK_SCREEN_FOR_THE_LADIES_noWikiID,31.744304770059486,71.26170132291841,2.9802322e-08,1.0
447,THE_ROSARY_noWikiID,19.94827529624348,42.15609422763555,2.1073424e-08,0.996031746031746
448,THE_ENTAIL_noWikiID,21.344357869529453,45.90394000007084,2.9802322e-08,1.0
449,THE_KING_OF_THE_GOLDEN_RIVER_Q14476439,26.888506432102997,58.807718116808886,4.2146848e-08,1.0
450,THE_ROMANCE_OF_THE_FOREST_Q3406503,22.27281291184068,47.52389738246775,0.42028812,0.9966666666666667
451,GUY_MANNERING_Q2288976,23.615967528472872,49.3506813745136,2.9802322e-08,1.0
452,THE_CHILDREN_OF_THE_ABBEY_Q7722505,20.106130992744646,42.6514233190376,2.1073424e-08,0.9966386554621849
453,GRANNY'S_WONDERFUL_CHAIR_noWikiID,30.136975130375035,67.45960782065522,5.1619136e-08,1.0
454,THE_TOWER_OF_LONDON_(NOVEL)_Q2414713,19.35308083638392,41.07957950276444,0.48487127,0.9931818181818182
455,PETER_THE_WHALER_noWikiID,22.3184296121448,47.31309718597606,2.1073424e-08,1.0
456,THE_YOUNG_DUKE_Q45028402,21.555540357162663,45.1163761811496,0.4599622,1.0
457,THE_WIND_IN_THE_WILLOWS_Q936276,22.479663223099532,49.63497621381487,2.1073424e-08,1.0
458,SKETCHES_BY_BOZ_Q2609480,24.02382516257226,50.56792610407226,2.1073424e-08,1.0
459,COCK_AND_ANCHOR_noWikiID,22.15344270525998,46.40749872941616,3.6500243e-08,1.0
460,THE_CASTLES_OF_ATHLIN_AND_DUNBAYNE_Q7721600,28.418510938142397,62.329057257027074,0.6448917,1.0
461,UNDER_THE_GREENWOOD_TREE_Q2251594,18.766868261332714,39.627929668827335,0.49165547,1.0
462,THE_ODD_WOMEN_Q7754692,18.380203839733188,38.88093343193345,2.9802322e-08,1.0
463,A_STORY_OF_THE_STONE_AGE_Q4659835,25.509795766481467,53.467734165168935,2.1073424e-08,1.0
464,THE_HORRORS_OF_OAKENDALE_ABBEY_Q7740333,22.936150367433758,47.71343701206744,4.2146848e-08,0.9886363636363636
465,THE_LAW_AND_THE_LADY_(NOVEL)_Q3480742,21.441776169885657,45.75560982097645,0.33532998,0.987987987987988
466,KNOCKNAGOW_noWikiID,20.18663955017972,43.11745194384789,3.6500243e-08,0.9982788296041308
467,A_WINDOW_IN_THRUMS_noWikiID,26.91632616105304,59.891303171566314,4.2146848e-08,1.0
468,THE_SETTLERS_IN_CANADA_Q7763415,21.193590572186178,45.724466489826305,0.56633806,0.9961240310077519
469,THE_WOODLANDERS_Q2254480,16.771666787395947,34.85868802160245,3.6500243e-08,0.9968553459119497
470,THE_HOUSE_WITH_THE_GREEN_SHUTTERS_Q7740720,21.726710270464054,46.01541234972631,2.1073424e-08,1.0
471,THE_FOOD_OF_THE_GODS_AND_HOW_IT_CAME_TO_EARTH_Q1215802,23.70018606337031,49.428916497981845,0.4817957,1.0
472,HEREWARD_THE_WAKE_(NOVEL)_Q5738318,23.868351251280004,50.73308321493104,0.60213965,1.0
473,THE_FAIRCHILD_FAMILY_noWikiID,22.587260775539324,48.100720545605576,4.2146848e-08,1.0
474,THE_FALLEN_LEAVES_(BOOK)_Q85807134,20.40735306044865,43.7809828034568,2.1073424e-08,1.0
475,THE_ADVENTURES_OF_RIVELLA_Q85806338,26.167074841436843,56.82579462147678,0.7466408,1.0
476,THE_FATHER_AND_DAUGHTER_Q65052285,22.09417881829693,47.88731423495596,0.5547926,1.0
477,THE_TRAIL_OF_THE_SERPENT_Q24971199,22.047928414576415,46.2588979759441,0.463809,1.0
478,THE_ADVENTURES_OF_HAJJI_BABA_noWikiID,20.74027231620547,43.60041763595953,2.1073424e-08,1.0
479,VRIL_Q510699,22.516876430063814,46.75951796935003,0.5812261,1.0
480,FANNY_HILL_Q1395765,21.811847991643617,45.65710959486809,0.5199649,1.0
481,THE_ADVENTURES_OF_A_BROWNIE_noWikiID,36.57516983720096,82.78325494102427,2.9802322e-08,1.0
482,THE_BOOK_OF_WONDER_Q7719322,29.795471354556266,64.14385816625476,6.664002e-08,1.0
483,ROBERT_FALCONER_noWikiID,21.694119848782744,45.47408144961323,4.2146848e-08,0.9959758551307847
484,ST_MARTIN'S_EVE_noWikiID,19.784452510118154,42.2684309850781,3.6500243e-08,0.9977777777777778
485,GOING_TO_MAYNOOTH_noWikiID,26.628806145977695,57.812870939275534,0.68044394,1.0
486,RUTH_Q80038,21.2903399232378,44.802548540896424,2.9802322e-08,0.9973333333333333
487,SALEM_CHAPEL_noWikiID,20.357192800321013,42.97416298683996,0.37000164,0.9974025974025974
488,HYMNS_IN_PROSE_FOR_CHILDREN_Q9005648,44.391151956198414,99.7171378735024,5.9604645e-08,1.0
489,FORTUNATE_FOUNDLINGS_noWikiID,25.73502857332163,56.022387355691954,4.2146848e-08,1.0
490,ANNA_ST_IVES_noWikiID,20.90115596644496,44.0743190465137,2.9802322e-08,0.9905660377358491
491,THE_HERO_noWikiID,19.790971410044744,42.55224772602862,0.43347725,1.0
492,THE_TIME_MACHINE_Q627333,24.864417130173035,52.940191931636264,5.9604645e-08,1.0
493,THE_INTERESTING_NARRATIVE_OF_THE_LIFE_OF_OLAUDAH_EQUIANO_Q7742270,26.64884874254949,57.76838566735692,4.2146848e-08,1.0
494,THE_PROFESSOR_(NOVEL)_Q762203,20.965909225888673,43.38460143874415,2.9802322e-08,1.0
495,ALL_SORTS_AND_CONDITIONS_OF_MEN_noWikiID,19.95547212832387,41.84489123949358,2.9802322e-08,0.9974358974358974
496,THE_LONGEST_JOURNEY_Q15999894,18.303471326532243,38.44943717962109,0.39554673,0.9957264957264957
497,PHINEAS_REDUX_Q7186370,20.745533135370277,43.97014834779692,0.26317862,1.0
498,SYBIL_Q3506752,23.13203102267827,48.34732228105844,2.9802322e-08,1.0
499,THE_NOTTING_HILL_MYSTERY_Q7754437,26.451465090804007,56.88021757924697,2.9802322e-08,1.0
500,OROONOKO_Q2453934,28.02895304324593,60.293474188802016,2.9802322e-08,1.0
501,THE_FIGURE_IN_THE_CARPET_Q3224800,24.212813297409962,53.67352807535051,2.9802322e-08,1.0
502,ODOUR_OF_CHRYSANTHEMUMS_Q7078330,27.302900120806235,60.802499464134726,4.2146848e-08,1.0
503,PANDORA_noWikiID,25.97996553162739,55.42166186526792,5.1619136e-08,1.0
504,THE_HISTORY_OF_THE_COUNTESS_OF_DELLWYN_Q19902681,20.161931642071316,41.967332159102135,2.9802322e-08,1.0
505,THE_FAIR_JILT_Q18393398,31.76827151129781,72.37345453070452,0.66219646,1.0
506,ANNALS_OF_THE_PARISH_Q4767877,20.000104429160526,43.3836999489435,3.6500243e-08,1.0
507,THE_SMALL_HOUSE_AT_ALLINGTON_Q7764868,18.16750042139101,38.838817828959705,2.9802322e-08,0.9983579638752053
508,HE_KNEW_HE_WAS_RIGHT_noWikiID,19.35025417556854,40.71838178409017,0.24870294,0.9962121212121212
509,CASTLE_RACKRENT_Q5050238,26.89312804075296,59.16441390868759,0.7595668,1.0
510,MAN_AND_WIFE_(NOVEL)_Q16386863,21.330744160969324,44.88622753431397,0.3491836,1.0
511,THE_FROZEN_DEEP_Q7735382,25.462940953033666,55.12429440577952,0.7106066,1.0
512,THE_TURN_OF_THE_SCREW_Q625923,18.664864733831422,39.74534391602918,0.54678464,1.0
513,THE_DIARY_OF_A_NOBODY_Q864150,21.19704647943934,47.55812772209536,2.1073424e-08,0.99
514,IMAGINARY_PORTRAITS_noWikiID,25.291651665285123,53.17769305534052,0.72467035,1.0
515,THE_BEACH_OF_FALESA_Q7715970,23.250339668501596,51.256603400556656,2.9802322e-08,1.0
516,THE_LIFE_OF_HARRIOT_STUART_noWikiID,20.0294656301594,43.21206342680891,0.43367028,1.0
517,THE_TALE_OF_MR_JEREMY_FISHER_noWikiID,28.81505674957498,72.16532829473368,1.7272561,1.0
518,COMETH_UP_AS_A_FLOWER_Q19571321,20.783108596787176,44.57715458125555,0.54882914,1.0
519,THE_FORSYTE_SAGA_Q735319,18.650274849074947,39.15286086440528,0.35306048,0.9987146529562982
520,THE_CONSOLIDATOR_Q60753482,28.79405564948918,63.20149404112788,0.9148499,1.0
521,SAINT_RONAN'S_WELL_Q3232270,22.62756127871126,47.44840752677347,0.31848088,1.0
522,THE_MAYOR_OF_CASTERBRIDGE_Q2343169,18.791306616076383,39.24881197683435,2.9802322e-08,1.0
523,CALLISTA_(NOVEL)_Q2934238,24.730690294307962,51.71027477417986,2.1073424e-08,1.0
524,THE_WELL_AT_THE_WORLD'S_END_Q2384134,19.46265399970393,41.91952602691396,0.5368058,1.0
525,BROKEN_TO_HARNESS_noWikiID,20.70012798671565,43.551399914094546,0.41512677,1.0
526,ERIC_OR_LITTLE_BY_LITTLE_Q5385958,23.457805899873478,49.51604635436035,2.1073424e-08,0.995575221238938
527,THE_PIRATE_(NOVEL)_Q3225628,22.82332337722552,48.41895657463442,4.2146848e-08,1.0
528,THE_STORY_OF_MY_HEART_Q7766776,26.21437993068369,56.74972709888964,0.9068875,1.0
529,THE_HAUNTED_HOUSE_Q6073289,22.69132807792387,48.31436944887905,0.82331616,1.0
530,THE_NEW_ACCELERATOR_Q7753474,25.84810983859428,57.56736578446082,4.2146848e-08,1.0
531,THE_MEMOIRS_OF_MISS_SIDNEY_BIDULPH_Q124661412,19.1768927835,41.019734148434,2.1073424e-08,1.0
532,A_HOLIDAY_ROMANCE_noWikiID,26.603924175563776,58.19806887192776,2.9802322e-08,1.0
533,EREWHON_Q1350048,27.632439423979633,57.90684219675963,2.1073424e-08,1.0
534,THE_EXECUTOR_noWikiID,20.702086743026747,44.00863224419511,2.1073424e-08,1.0
535,THE_POINT_OF_VIEW_noWikiID,25.565218765823644,55.14154173803839,0.88836664,1.0
536,THE_FOOL_OF_QUALITY_Q7734703,26.12559037224288,56.327967053725004,0.574498,1.0
537,CORAL_ISLAND_Q4232653,24.83414326309786,53.45656008312308,0.5373881,1.0
538,PENDENNIS_Q7162382,22.011925482835043,46.20292021780016,2.1073424e-08,1.0
539,THE_WAY_OF_ALL_FLESH_Q255074,19.487322106602576,40.80437157198597,3.6500243e-08,1.0
540,A_HOUSE_TO_LET_Q4657430,23.807190869888533,50.057270092411976,0.56008,1.0
541,THE_PHANTOM_COACH_noWikiID,22.10405051109783,46.239130139703825,2.9802322e-08,1.0
542,A_SENTIMENTAL_JOURNEY_THROUGH_FRANCE_AND_ITALY_Q768792,23.633549679570066,52.23148963962044,2.9802322e-08,1.0
543,RECORDS_OF_A_GIRLHOOD_noWikiID,21.64353886994592,45.171303453330076,0.38779196,0.993421052631579
544,THE_TALE_OF_PETER_RABBIT_Q580463,28.687797552812185,66.10711407872137,1.6949433,1.0
545,THE_VIRGINIANS_Q7772832,19.11672433722353,40.18658786167319,0.41101733,1.0
546,DE_PROFUNDIS_(LETTER)_Q1249459,26.54332891677211,57.90079489143605,4.2146848e-08,1.0
547,RUJUB_THE_JUGGLER_noWikiID,21.77345346201527,46.47890484535425,2.1073424e-08,1.0
548,THE_HEAVENLY_TWINS_noWikiID,19.414207100483193,40.80759611037002,3.6500243e-08,0.9908256880733946
549,A_LITTLE_PRINCESS_Q10483376,23.440210197326618,51.96157162900439,2.1073424e-08,1.0
550,THE_DAYS_OF_AULD_LANGSYNE_noWikiID,23.899124412586175,52.548053029389685,6.664002e-08,1.0
551,THE_VICAR_OF_WAKEFIELD_Q1196205,23.044534425813545,49.88275170107599,0.5087367,1.0
552,TALES_OF_MEAN_STREETS_noWikiID,29.35796144419648,64.815378420042,2.9802322e-08,1.0
553,THE_QUIET_HEART_noWikiID,23.980641519345543,51.24492151101766,0.8823584,0.9936305732484076
554,THE_ISLAND_OF_DOCTOR_MOREAU_Q718268,20.379173947479494,43.683906236322024,2.1073424e-08,0.9901960784313726
555,THE_THORN_IN_THE_FLESH_noWikiID,25.07156035695104,56.16387489447269,5.9604645e-08,1.0
556,A_SON_OF_THE_SOIL_Q106040512,21.141520318005973,44.43789279470973,2.1073424e-08,1.0
557,SHE_A_HISTORY_OF_ADVENTURE_Q640513,24.650266788521904,53.13988355616296,2.9802322e-08,1.0
558,THE_LIGHTHOUSE_noWikiID,22.564121928651435,48.080722268687666,2.1073424e-08,1.0
559,SIR_GIBBIE_noWikiID,20.97980072013942,44.16654197657327,0.26320118,0.9881235154394299
560,ORIGINAL_STORIES_FROM_REAL_LIFE_Q2705647,30.009779358807027,66.86854701881822,0.91724426,1.0
561,THE_STORY_OF_THE_TREASURE_SEEKERS_Q7766848,19.66884572735512,42.80238511559854,2.1073424e-08,1.0
562,THE_STRING_OF_PEARLS_Q7767037,17.898197884929004,37.771525882010664,3.6500243e-08,0.9924528301886792
563,JANE_EYRE_Q182961,22.653333902743245,46.86597545573773,3.6500243e-08,0.9955056179775281
564,VATHEK_Q54548,22.531921659660192,49.04714492260879,2.9802322e-08,1.0
565,ROMOLA_Q7363279,23.074363998275736,47.976365817151866,2.9802322e-08,0.9980353634577603
566,TANCRED_(NOVEL)_Q7682378,23.116073242861134,48.3232831881069,3.6500243e-08,0.9973544973544973
567,ROXANA_Q3825485,22.640184431066967,48.451422154273516,3.6500243e-08,0.9971509971509972
568,"THE_HISTORY_OF_TOM_JONES,_A_FOUNDLING_Q248096",20.147675652704446,42.32046623257551,2.1073424e-08,0.9897435897435898
569,A_CHILD_OF_THE_JAGO_Q4655860,23.669993790292835,51.8448080360597,0.6978832,1.0
570,THE_CASTLE_OF_WOLFENBACH_Q3520218,20.113259684628083,43.18541035562608,0.34728897,0.9938650306748467
571,THE_HISTORY_OF_LITTLE_GOODY_TWO-SHOES_Q12060236,29.291966940905695,70.42488016666465,8.4293696e-08,1.0
572,A_ROMANCE_OF_TWO_WORLDS_Q4659270,22.03230445770456,45.66081663402574,0.45724544,1.0
573,FARDOROUGHA_THE_MISER_noWikiID,22.198918641209755,46.98571899027416,0.42079288,1.0
574,PLAIN_TALES_FROM_THE_HILLS_Q3484772,24.40192473077862,51.61695466710133,0.56252927,1.0
575,THE_AWKWARD_AGE_noWikiID,16.96791269627319,36.35897813573103,0.3046118,0.9913793103448276
576,CARMILLA_Q1043792,26.380521654883704,55.7181783698761,5.1619136e-08,1.0
577,IMPRESSIONS_OF_THEOPHRASTUS_SUCH_Q6007633,24.33133921934869,50.84373851605656,0.7099674,1.0
578,AYESHA_(NOVEL)_Q2604590,22.414424951765287,47.882732137134546,0.5812495,0.996268656716418
579,THE_WRECKER_Q2753955,18.691212168418136,39.165236844799246,2.5809568e-08,0.993993993993994
580,GREAT_EXPECTATIONS_Q219552,21.51323712182085,45.2888888983295,3.6500243e-08,0.9977220956719818
581,THE_YOUNG_FUR_TRADERS_noWikiID,20.159851594791498,43.03755749831105,4.2146848e-08,1.0
582,THE_CROCK_OF_GOLD_(NOVEL)_Q7728134,24.115790002316725,51.41194761895704,0.57672447,1.0
583,THE_BRIDE_OF_LAMMERMOOR_Q2659725,21.6626152534447,45.766151877451925,2.1073424e-08,1.0
584,AGNES_GREY_Q517172,21.099966869299394,44.7963532160258,2.9802322e-08,1.0
585,HERMSPRONG_Q5742104,22.188628135230346,47.24413773547433,0.3965274,1.0
586,THE_HOUND_OF_THE_BASKERVILLES_Q45192,23.766060261002526,52.03337747364441,0.5988299,1.0
587,ADVENTURES_OF_A_PINCUSHION_noWikiID,23.89045141961353,52.02374915602129,0.881879,1.0
588,LIFE'S_LITTLE_IRONIES_noWikiID,22.506391284561808,46.79745336157277,0.50222176,1.0
589,HEART_OF_DARKNESS_Q129778,23.552388542527734,51.42719273623203,0.6399047,1.0
590,EMMA_(NOVEL)_Q223880,20.778134265621034,43.900962307048545,2.9802322e-08,1.0
591,THE_ADVENTURES_OF_PEREGRINE_PICKLE_Q7712607,19.933434734031444,42.09330949496044,0.2725211,0.9985549132947977
592,TWO_ON_A_TOWER_Q7859431,19.177038971473927,40.22589308933384,0.55766577,1.0
593,ANTAR_noWikiID,23.828529485582123,53.31999628127868,2.9802322e-08,1.0
594,THE_LOUGH_DERG_PILGRIM_noWikiID,22.700591967919653,48.10026905371416,0.7099081,1.0
595,THE_LITTLE_LAME_PRINCE_AND_HIS_TRAVELLING_CLOAK_Q7747642,21.68142938918793,47.1715983677125,2.1073424e-08,1.0
596,LADY_AUDLEY'S_SECRET_Q2738351,21.00895458479494,43.6928066368815,2.1073424e-08,1.0
597,ALLAN_QUATERMAIN_(NOVEL)_Q4062545,22.360401804874922,47.194505662635606,0.43415567,1.0
598,JUST_SO_STORIES_Q1247723,33.27743134267356,74.20139615279702,5.9604645e-08,1.0
599,NATURE_AND_ART_Q48770862,25.70245107535947,54.40269651492776,2.9802322e-08,1.0
600,QUENTIN_DURWARD_Q2469230,22.02820486224897,46.37784723646268,2.1073424e-08,0.9975961538461539
601,THE_MYSTERY_OF_EDWIN_DROOD_Q1168105,21.367528479209184,44.87262011371206,0.36375326,1.0
602,THE_SECRET_SHARER_noWikiID,18.943381280192238,40.79303229541413,3.6500243e-08,1.0
603,BASIL_noWikiID,22.945267379769664,47.78257528785452,0.4247083,0.9962546816479401
604,THE_WOMAN_IN_WHITE_(NOVEL)_Q1212672,19.283310006056222,40.279462140603655,2.9802322e-08,0.9964912280701754
605,THE_OUTCAST_noWikiID,18.818371378002055,39.682889153539755,2.1073424e-08,1.0
606,UNDER_WESTERN_EYES_(NOVEL)_Q3685905,17.000142835485885,35.66759365930704,0.50810987,1.0
607,CAMILLA_Q2934813,20.596875564076132,43.36799368109292,2.1073424e-08,0.9976162097735399
608,A_MODERN_UTOPIA_Q1249074,25.788281133766677,54.288300219281716,0.67003924,0.9951690821256038
609,COUSIN_PHILLIS_noWikiID,26.22651543007486,58.50304675703485,0.74741596,1.0
610,PERSUASION_(NOVEL)_Q333179,20.71875249644467,43.752617757308336,2.1073424e-08,1.0
611,STORIES_OF_RED_HANRAHAN_noWikiID,27.307537554511804,60.87263778279518,4.2146848e-08,1.0
612,JEZEBEL'S_DAUGHTER_noWikiID,20.961700742248944,44.18527683039466,0.28270358,1.0
613,VANITY_FAIR_(NOVEL)_Q612836,19.304651645036873,41.12029942750413,0.33982027,0.9985775248933144
614,CONFESSIONS_OF_AN_ENGLISH_OPIUM-EATER_Q1610128,26.339604983325344,54.55842175137432,5.1619136e-08,1.0
615,LOVE_AND_MR_LEWISHAM_Q4271834,23.281144359246703,49.60127072648952,0.43370324,1.0
616,DEMOS_noWikiID,20.281871773315217,42.523677686553846,2.1073424e-08,1.0
617,THE_LIGHT_PRINCESS_noWikiID,22.623146889942007,49.42123664844128,0.7694494,1.0
618,THE_EGOIST_(NOVEL)_Q7731638,17.98348156563223,37.79701382410115,2.9802322e-08,0.995575221238938
619,BELINDA_noWikiID,21.03984306733835,44.24753282734976,0.39100894,0.9881796690307328
620,MAX_noWikiID,23.331836689539507,48.998498544335554,2.9802322e-08,1.0
621,TWO_LITTLE_SAVAGES_noWikiID,20.965840758835977,44.76023460500446,0.52396464,1.0
622,BARCHESTER_TOWERS_Q4859885,20.672991658541868,43.73936924483078,2.1073424e-08,1.0
623,MEMOIRS_OF_EMMA_COURTNEY_Q2395365,23.27325137257364,49.448710087561366,2.1073424e-08,1.0
624,THE_GOLDEN_BOWL_Q1248585,17.67859381263651,36.98415878120144,0.23616956,0.9979674796747967
625,THE_MUDFOG_PAPERS_Q7752595,25.397394714848275,54.69901499779482,0.84596056,1.0
626,THE_ABSENTEE_Q7712149,23.16510393534911,49.566830833319784,2.9802322e-08,1.0
627,THE_WORLD_SET_FREE_Q5051290,23.205266164576155,48.494930544363974,5.1619136e-08,0.9930555555555556
628,GHETTO_TRAGEDIES_noWikiID,24.819172966534104,51.83503030553535,2.1073424e-08,1.0
629,THE_THREE_BROTHERS_noWikiID,18.63836483864786,39.124861620463406,2.9802322e-08,1.0
630,THE_MASTER_OF_BALLANTRAE_Q2615930,20.077630143780734,42.181048362742224,3.6500243e-08,1.0
631,WILLING_TO_DIE_noWikiID,17.8056314261576,37.686970448229374,2.1073424e-08,0.996996996996997
632,THE_PROVOST_noWikiID,23.29835531799967,51.11085094077239,0.6971701,1.0
633,THE_EBB-TIDE_Q4674957,21.191263907512628,45.54841862748599,3.6500243e-08,1.0
634,EMMA_OR_THE_UNFORTUNATE_ATTACHMENT_noWikiID,20.29792758191393,43.04056653211544,2.1073424e-08,1.0
635,THE_PICTURE_OF_DORIAN_GRAY_Q82464,21.12222863196577,44.911564294319824,0.55975217,1.0
636,THE_HISTORY_OF_SIR_CHARLES_GRANDISON_Q3521260,17.532081930738787,36.8232941315391,3.6500243e-08,0.9893018018018018
637,THE_FEMALE_QUIXOTE_Q1404172,20.714270106905655,44.20453090866845,2.1073424e-08,0.9938271604938271
638,HISTORY_OF_JOHN_BULL_noWikiID,29.293601163984736,66.22767466886295,1.0077094,1.0
639,WILD_ANIMALS_I_HAVE_KNOWN_Q8000500,22.907139739380654,49.846328228461715,0.6881315,1.0
640,TONO-BUNGAY_Q1535422,19.207876214829096,39.60547420878789,0.44168046,1.0
641,LILITH_noWikiID,24.94789651055521,52.34761699305489,0.5023049,1.0
642,REDGAUNTLET_Q3422871,22.8998483895474,48.031973469840175,0.39202902,1.0
643,MILLENIUM_HALL_Q6858753,26.037264433150288,56.056543216398104,5.1619136e-08,1.0
644,THE_OLD_MANOR_HOUSE_Q96409526,20.077236687842582,42.40382914301867,2.9802322e-08,1.0
645,"THE_HISTORY_OF_RASSELAS,_PRINCE_OF_ABYSSINIA_Q3419875",25.489229795688892,54.504245032624404,5.9604645e-08,1.0
646,CRANFORD_(NOVEL)_Q265100,22.631481985915926,48.68886942484556,0.51871645,0.99375
647,THE_BATTLE_OF_DORKING_Q7715857,28.433650168794635,61.76068302393584,2.9802322e-08,1.0
648,ESTHER_noWikiID,21.534029720013574,46.35323301365034,0.5379704,0.9943820224719101
649,THE_CONFESSIONS_OF_HARRY_LORREQUER_noWikiID,21.18192702942087,44.57388543990955,0.43975016,1.0
650,SIR_NIGEL_Q1963997,22.799009875643282,48.713538187210595,2.1073424e-08,1.0
651,THE_THREE_PERILS_OF_MAN_Q96409659,21.641360274129404,45.4844832397009,0.38699204,0.9979296066252588
652,THE_WHIRLPOOL_noWikiID,18.683296315511107,39.55610500195608,0.40874526,1.0
653,VILLETTE_(NOVEL)_Q2449570,19.107218854279317,39.27110736723722,0.3439673,1.0
654,SYLVIE_AND_BRUNO_Q1632505,23.89234598167516,50.49769979562875,0.5424448,1.0
655,THE_DOCTOR'S_WIFE_(MOORE_NOVEL)_Q7730467,19.4439047828087,40.508836587410535,2.1073424e-08,1.0
656,SYLVIAS_LOVERS_Q14566477,22.372887214787585,47.83095482562418,0.37905174,0.9977528089887641
657,THE_MYSTERY_OF_A_HANSOM_CAB_noWikiID,22.419511903627185,48.9684824792016,3.6500243e-08,1.0
658,THE_JOLLY_CORNER_Q15240001,24.83456803678031,54.75687160978876,0.8647457,1.0
659,THE_DEAD_SECRET_Q16934313,21.847706263080624,46.17006232487094,0.30418405,0.9969512195121951
660,A_STUDY_IN_SCARLET_Q223131,22.18498023225811,46.50339588712831,2.1073424e-08,1.0
661,THE_LAST_MAN_noWikiID,20.28314600889751,42.2751863270101,2.9802322e-08,1.0
662,SEVEN_LITTLE_AUSTRALIANS_Q7457323,20.802946739103653,45.06396591903361,4.712161e-08,1.0
663,THE_REFORM'D_COQUET_Q7760024,23.621454117548183,53.296681512374754,0.61050963,1.0
664,WESTWARD_HO_noWikiID,19.748720166623915,41.52560335811534,2.1073424e-08,1.0
665,LOVE_INTRIGUES_noWikiID,33.50517881846721,77.73798343704084,5.9604645e-08,1.0
666,CATRIONA_noWikiID,21.227157830749885,44.64891098283763,2.9802322e-08,1.0
667,THE_BRITISH_BARBARIANS_noWikiID,23.823185304502207,50.86661631456817,2.9802322e-08,1.0
668,ARTHUR_MERVYN_Q4799713,20.47642409923547,42.712994697252206,0.39038545,0.9970760233918129
669,THE_PURCELL_PAPERS_Q7758781,24.444307317398028,51.102588161418424,0.42877433,1.0
670,THE_NEW_MACHIAVELLI_Q10381652,21.35411921939742,44.59104689208738,0.44168046,1.0
671,THE_STICKIT_MINISTER_noWikiID,21.559403580537143,45.65300077691226,2.1073424e-08,0.9958677685950413
672,THE_TITHE_PROCTOR_noWikiID,20.411553358173908,43.064021025148435,0.3939968,0.9964028776978417
673,KENILWORTH_Q2600597,22.63325219631995,47.310692417974444,0.33645144,0.9977116704805492
674,THE_FIXED_PERIOD_Q7734312,20.58161700765788,44.144416600719325,0.465198,1.0
675,THE_OLD_CURIOSITY_SHOP_Q2700616,20.15146632918779,42.56104544280191,0.313796,0.9882121807465619
676,A_WORLD_OF_GIRLS_noWikiID,21.579599581982862,45.78564337697936,0.5528412,0.9945945945945946
677,UNCLE_SILAS_Q3835925,17.866650923183496,37.58750364212238,2.1073424e-08,1.0
678,PRINCE_RICARDO_OF_PANTOUFLIA_noWikiID,28.223106771522676,62.910727589476885,0.99731994,1.0
