,Text,CanonisationScore,NearestNeighbour,SimilarityScore
0,STALKY_&_CO._Q4439259,0.30372380755444,ENNUI_Q117149111,0.868262767791748
1,MARTIN_CHUZZLEWIT_Q1903609,0.395337204568379,OLIVER_TWIST_Q164974,0.9698381423950195
2,IMAGINARY_PORTRAITS_noWikiID,0.127152048513252,MARIUS_THE_EPICUREAN_Q5477441,0.8875280618667603
3,ROBERT_FALCONER_noWikiID,0.122244604531682,DAVID_ELGINBROD_Q5233331,0.9588654637336731
4,THE_WILD_IRISH_GIRL_Q7774872,0.619558723877394,ST_LEON_Q7589523,0.9003112316131592
5,SANDERS_OF_THE_RIVER_noWikiID,0.049863479389024,MICAH_CLARKE_Q3050442,0.8593038320541382
6,WILLING_TO_DIE_noWikiID,0.11291791638611,UNCLE_SILAS_Q3835925,0.9647849798202515
7,THE_SPOILS_OF_POYNTON_Q3809486,0.285047546124646,THE_PORTRAIT_OF_A_LADY_Q861017,0.9434082508087158
8,THE_WORLD_SET_FREE_Q5051290,0.049863479389024,THE_WAR_IN_THE_AIR_Q964055,0.908695638179779
9,THE_FIXED_PERIOD_Q7734312,0.11291791638611,THE_PRIME_MINISTER_noWikiID,0.9379953742027283
10,FOR_THE_TERM_OF_HIS_NATURAL_LIFE_noWikiID,0.0477757206414661,IT_IS_NEVER_TOO_LATE_TO_MEND_(NOVEL)_Q6091852,0.9294443130493164
11,NATURE_AND_ART_Q48770862,0.0543008598413405,THE_LIFE_OF_HARRIOT_STUART_noWikiID,0.8986288905143738
12,ZOE_noWikiID,0.0477757206414661,THE_HISTORY_OF_THE_FAIRCHILD_FAMILY_Q7739822,0.8328161239624023
13,SELF-CONTROL_(NOVEL)_Q3478102,0.0699415703280632,THE_CHILDREN_OF_THE_ABBEY_Q7722505,0.968639612197876
14,SEVEN_LITTLE_AUSTRALIANS_Q7457323,0.0477757206414661,THE_HISTORY_OF_THE_FAIRCHILD_FAMILY_Q7739822,0.8894993662834167
15,A_MODEST_PROPOSAL_Q264143,0.172694745758032,A_PATCH-WORK_SCREEN_FOR_THE_LADIES_noWikiID,0.7893891334533691
16,OLIVER_TWIST_Q164974,0.910357373663103,THE_ADVENTURES_OF_RODERICK_RANDOM_Q7712626,0.9421497583389282
17,THE_WELL-BELOVED_Q2906193,0.137472234822425,THE_RETURN_OF_THE_NATIVE_Q141568,0.9069263339042664
18,LOVE_AMONG_THE_RUINS_noWikiID,0.049863479389024,CALLISTA_(NOVEL)_Q2934238,0.8249748945236206
19,THE_GOLDEN_AGE_noWikiID,0.11291791638611,NEW_GRUB_STREET_noWikiID,0.8568536639213562
20,THE_EMIGRANTS_OF_AHADARRA_noWikiID,0.0477757206414661,THE_BLACK_PROPHET_noWikiID,0.9370347857475281
21,THE_LIGHT_PRINCESS_noWikiID,0.11291791638611,THE_FAIRCHILD_FAMILY_noWikiID,0.7392440438270569
22,THE_ADVENTURES_OF_HUGH_TREVOR_noWikiID,0.11291791638611,"THE_HISTORY_OF_TOM_JONES,_A_FOUNDLING_Q248096",0.9535039663314819
23,SUSPIRIA_DE_PROFUNDIS_Q3978307,0.117501066676145,SARTOR_RESARTUS_Q1134140,0.8861154913902283
24,A_HOUSE_TO_LET_Q4657430,0.0477757206414661,THE_KELLYS_AND_THE_O'KELLYS_Q7744082,0.865757167339325
25,QUENTIN_DURWARD_Q2469230,0.117501066676145,KENILWORTH_Q2600597,0.9676346182823181
26,THE_THORN_IN_THE_FLESH_noWikiID,0.0477757206414661,ALMAYER'S_FOLLY_Q2404359,0.7948912382125854
27,CARROTS_noWikiID,0.0477757206414661,CRANFORD_(NOVEL)_Q265100,0.8905051350593567
28,THE_ODD_WOMEN_Q7754692,0.323070787610778,THE_UNCLASSED_Q7771311,0.9638870358467102
29,A_JOURNAL_OF_THE_PLAGUE_YEAR_Q1215399,0.374053924716987,ROBINSON_CRUSOE_Q483034,0.8478510975837708
30,THE_CONSOLIDATOR_Q60753482,0.11291791638611,THE_BATTLE_OF_THE_BOOKS_Q7715895,0.8456910848617554
31,THE_MAN_WHO_WOULD_BE_KING_Q1129936,0.294299317623214,THE_CHILDREN_OF_THE_NEW_FOREST_Q7722508,0.7866894602775574
32,PUCK_OF_POOK'S_HILL_Q4342308,0.117501066676145,MICAH_CLARKE_Q3050442,0.8616205453872681
33,LITTLE_DORRIT_Q565638,0.677911265542429,MARTIN_CHUZZLEWIT_Q1903609,0.9716985821723938
34,THE_BLACK_DWARF_noWikiID,0.132226821715085,WAVERLEY_Q678251,0.9210602045059204
35,LILITH_noWikiID,0.122244604531682,PHANTASTES_Q1616808,0.9392641186714172
36,THE_FIDDLER_OF_THE_REELS_Q2288667,0.11291791638611,SOME_EXPERIENCES_OF_AN_IRISH_R.M._noWikiID,0.7296860218048096
37,THE_HEROINE_noWikiID,0.0520374856859669,EMMA_OR_THE_UNFORTUNATE_ATTACHMENT_noWikiID,0.9213160872459412
38,THE_SCOTTISH_CHIEFS_noWikiID,0.132226821715085,THE_ITALIAN_(RADCLIFFE_NOVEL)_Q3204370,0.8781443238258362
39,CONFESSIONS_OF_AN_ENGLISH_OPIUM-EATER_Q1610128,0.353247063375283,CALEB_WILLIAMS_Q7784409,0.8851659893989563
40,ANNALS_OF_THE_PARISH_Q4767877,0.172694745758032,THE_HEART_OF_MIDLOTHIAN_Q2091094,0.8862165808677673
41,PERSUASION_(NOVEL)_Q333179,0.417024677521532,PRIDE_AND_PREJUDICE_Q170583,0.9576466083526611
42,A_HOLIDAY_ROMANCE_noWikiID,0.122244604531682,VANITY_FAIR_(NOVEL)_Q612836,0.8133623003959656
43,EXILUS_noWikiID,0.11291791638611,OROONOKO_Q2453934,0.9332240223884583
44,THE_TENANTS_OF_MALORY_noWikiID,0.11291791638611,THE_SHADOW_OF_ASHLYDYAT_noWikiID,0.9413342475891113
45,THE_TRIUMPH_OF_PRUDENCE_OVER_PASSION_noWikiID,0.049863479389024,THE_LIFE_OF_HARRIOT_STUART_noWikiID,0.9224446415901184
46,THE_SECRET_AGENT_Q1247666,0.384640372733741,THE_WHIRLPOOL_noWikiID,0.9124341607093811
47,SONS_AND_LOVERS_Q80771,0.190637850864638,THE_FORSYTE_SAGA_Q735319,0.9501139521598816
48,THE_SHADOW_OF_A_CRIME_1885_noWikiID,0.0477757206414661,THE_THREE_PERILS_OF_MAN_Q96409659,0.9032012820243835
49,MOLL_FLANDERS_Q612523,0.605736576985184,ROBINSON_CRUSOE_Q483034,0.8998404145240784
50,ARMADALE_Q4792516,0.395337204568379,NO_NAME_(NOVEL)_Q7044605,0.9692987203598022
51,SIR_NIGEL_Q1963997,0.11291791638611,THE_WHITE_COMPANY_noWikiID,0.9597281217575073
52,ZULEIKA_DOBSON_Q8075113,0.049863479389024,THE_OLD_WIVES'_TALE_noWikiID,0.9143632054328918
53,TIME_AND_THE_GODS_Q7805268,0.0477757206414661,THE_SECRET_ROSE_noWikiID,0.832303524017334
54,THE_ASPERN_PAPERS_Q2362409,0.285047546124646,THE_PORTRAIT_OF_A_LADY_Q861017,0.8986943364143372
55,THE_MARTIAN_noWikiID,0.11291791638611,TRILBY_(NOVEL)_Q1691967,0.9555997848510742
56,THE_NEW_ACCELERATOR_Q7753474,0.117501066676145,PLATTNER_STORY_noWikiID,0.8165541291236877
57,RUTH_Q80038,0.212324186920024,JANE_EYRE_Q182961,0.9419034123420715
58,THE_NEW_MACHIAVELLI_Q10381652,0.049863479389024,TONO-BUNGAY_Q1535422,0.9399619698524475
59,SANDITON_Q3180417,0.323070787610778,SENSE_AND_SENSIBILITY_Q274744,0.8547849059104919
60,THE_TALE_OF_PETER_RABBIT_Q580463,0.137472234822425,THE_ADVENTURES_OF_A_BROWNIE_noWikiID,0.681036651134491
61,BLEAK_HOUSE_Q883305,0.958008839727505,DOMBEY_AND_SON_Q963659,0.9648047089576721
62,PRIDE_AND_PREJUDICE_Q170583,0.594948283367066,SENSE_AND_SENSIBILITY_Q274744,0.9732993245124817
63,CALLISTA_(NOVEL)_Q2934238,0.11291791638611,ALTON_LOCKE_Q4736895,0.8990486264228821
64,HEREWARD_THE_WAKE_(NOVEL)_Q5738318,0.122244604531682,CALLISTA_(NOVEL)_Q2934238,0.8648036122322083
65,LOVE_AND_MADNESS_Q6691643,0.0477757206414661,EMMA_OR_THE_UNFORTUNATE_ATTACHMENT_noWikiID,0.8521907329559326
66,TANCRED_(NOVEL)_Q7682378,0.137472234822425,VIVIAN_GREY_Q7937713,0.9189586043357849
67,AMY_FOSTER_Q4749187,0.11291791638611,LIFE'S_LITTLE_IRONIES_noWikiID,0.8118498921394348
68,"THE_GOVERNESS;_OR,_THE_LITTLE_FEMALE_ACADEMY_Q7737400",0.076022748805838,THE_ANTI-PAMELA_Q7713932,0.8698899745941162
69,THE_EXPEDITION_OF_HUMPHRY_CLINKER_Q3203413,0.335938753528388,THE_ADVENTURES_OF_PEREGRINE_PICKLE_Q7712607,0.9250994920730591
70,ANNA_ST_IVES_noWikiID,0.122244604531682,CECILIA_Q3233990,0.9372434616088867
71,SAINT_RONAN'S_WELL_Q3232270,0.11291791638611,ROB_ROY_Q2156104,0.9648419618606567
72,GRANNY'S_WONDERFUL_CHAIR_noWikiID,0.117501066676145,THE_HISTORY_OF_THE_FAIRCHILD_FAMILY_Q7739822,0.7591626644134521
73,SHIRLEY_(NOVEL)_Q615175,0.528634267866976,THE_ADVENTURES_OF_HUGH_TREVOR_noWikiID,0.9426905512809753
74,LOVE_IN_EXCESS;_OR_THE_FATAL_ENQUIRY_Q1588738,0.23024672621441,OROONOKO_Q2453934,0.9228054285049438
75,THE_PICTURE_OF_DORIAN_GRAY_Q82464,0.605736576985184,A_MERE_ACCIDENT_noWikiID,0.9098851084709167
76,A_MERE_ACCIDENT_noWikiID,0.11291791638611,JANE_EYRE_Q182961,0.8965204358100891
77,THE_WOODLANDERS_Q2254480,0.332981899154278,THE_RETURN_OF_THE_NATIVE_Q141568,0.9398162961006165
78,THE_POINT_OF_VIEW_noWikiID,0.11291791638611,THE_PORTRAIT_OF_A_LADY_Q861017,0.7828020453453064
79,HAUNTINGS_noWikiID,0.049863479389024,COMETH_UP_AS_A_FLOWER_Q19571321,0.8680260181427002
80,THE_ROMANY_RYE_Q7761435,0.0477757206414661,ENNUI_Q117149111,0.905406653881073
81,THREE_WEEKS_noWikiID,0.0520374856859669,THE_PICTURE_OF_DORIAN_GRAY_Q82464,0.8998849391937256
82,WITH_THE_NIGHT_MAIL_noWikiID,0.122244604531682,THE_FIRST_MEN_IN_THE_MOON_Q1218232,0.7565336227416992
83,CALEB_WILLIAMS_Q7784409,0.616422785736394,"THE_HISTORY_OF_TOM_JONES,_A_FOUNDLING_Q248096",0.9279696345329285
84,THE_HILL_noWikiID,0.0477757206414661,TOM_BROWN'S_SCHOOL_DAYS_Q7815084,0.8367037177085876
85,THE_PRINCESS_CASAMASSIMA_Q3211932,0.122244604531682,THE_PORTRAIT_OF_A_LADY_Q861017,0.9630732536315918
86,ON_THE_FACE_OF_THE_WATERS_Q59151630,0.0520374856859669,WESTWARD_HO_noWikiID,0.9091381430625916
87,THE_HISTORY_AND_REMARKABLE_LIFE_OF_THE_TRULY_HONOURABLE_COL_noWikiID,0.11291791638611,ROBINSON_CRUSOE_Q483034,0.901296854019165
88,THE_WRECKER_Q2753955,0.0477757206414661,THE_TRUMPET_noWikiID,0.907837450504303
89,WUTHERING_HEIGHTS_Q202975,0.84402409531542,THE_STRING_OF_PEARLS_Q7767037,0.9220229983329773
90,HIDE_AND_SEEK_noWikiID,0.285047546124646,DOMBEY_AND_SON_Q963659,0.9441718459129333
91,THE_DEAD_SECRET_Q16934313,0.30372380755444,THE_VICAR_OF_WREXHILL_noWikiID,0.9226983189582825
92,CLARISSA_Q980534,0.965599150597217,PAMELA_OR_VIRTUE_REWARDED_Q2048624,0.9628337621688843
93,BASIL_noWikiID,0.294299317623214,DOMBEY_AND_SON_Q963659,0.9138714075088501
94,THE_JUNGLE_BOOK_Q189509,0.374053924716987,THE_MAN_WHO_WOULD_BE_KING_Q1129936,0.829868733882904
95,CELESTINA_Q583705,0.11291791638611,CECILIA_Q3233990,0.9638500809669495
96,A_POLITICAL_ROMANCE_Q4658949,0.122244604531682,A_TALE_OF_A_TUB_Q2353123,0.7405685782432556
97,THE_LANDLEAGUERS_noWikiID,0.122244604531682,THE_EUSTACE_DIAMONDS_Q7732627,0.9629737138748169
98,DAVID_ELGINBROD_Q5233331,0.117501066676145,DAVID_COPPERFIELD_Q189811,0.9329293966293335
99,PENDENNIS_Q7162382,0.137472234822425,VANITY_FAIR_(NOVEL)_Q612836,0.9289855360984802
100,THE_FOOL_OF_QUALITY_Q7734703,0.0792421570318606,JOSEPH_ANDREWS_Q784226,0.8880619406700134
101,SIR_GIBBIE_noWikiID,0.11291791638611,ROBERT_FALCONER_noWikiID,0.9728447198867798
102,ARTHUR_MERVYN_Q4799713,0.0477757206414661,CALEB_WILLIAMS_Q7784409,0.9585134983062744
103,ESTHER_noWikiID,0.0477757206414661,THE_HISTORY_OF_THE_FAIRCHILD_FAMILY_Q7739822,0.903790295124054
104,KNOCKNAGOW_noWikiID,0.0643129761992644,THE_HEIR_OF_REDCLYFFE_Q7739314,0.9365296959877014
105,THE_BLACK_ARROW_noWikiID,0.11291791638611,THE_FAIR_MAID_OF_PERTH_Q3209885,0.8681027293205261
106,WEIR_OF_HERMISTON_Q1213386,0.11291791638611,ALEC_FORBES_OF_HOWGLEN_noWikiID,0.9029130935668945
107,THE_CONFESSIONS_OF_HARRY_LORREQUER_noWikiID,0.049863479389024,SKETCHES_BY_BOZ_Q2609480,0.929358184337616
108,SOME_EXPERIENCES_OF_AN_IRISH_R.M._noWikiID,0.0477757206414661,THE_VIRGINIANS_Q7772832,0.8581490516662598
109,UNCLE_SILAS_Q3835925,0.11291791638611,THE_SHADOW_OF_ASHLYDYAT_noWikiID,0.945457398891449
110,THE_STORY_OF_A_MODERN_WOMAN_Q7766819,0.049863479389024,THE_TENANTS_OF_MALORY_noWikiID,0.9042275547981262
111,THE_LIGHTHOUSE_noWikiID,0.049863479389024,CORAL_ISLAND_Q4232653,0.8570510745048523
112,THE_MAN_OF_FEELING_Q7750109,0.616422785736394,THE_VICAR_OF_WAKEFIELD_Q1196205,0.9207580089569092
113,OUT_ON_THE_PAMPAS_noWikiID,0.0477757206414661,MASTERMAN_READY_OR_THE_WRECK_OF_THE_PACIFIC_Q6785376,0.9368211627006531
114,ALTON_LOCKE_Q4736895,0.148487553986026,THE_LIFE_OF_JOHN_BUNCLE_noWikiID,0.9490174055099487
115,"CATHERINE,_A_STORY_noWikiID",0.11291791638611,VIVIAN_GREY_Q7937713,0.880944550037384
116,SARTOR_RESARTUS_Q1134140,0.605736576985184,THE_LIFE_OF_JOHN_BUNCLE_noWikiID,0.835037887096405
117,NIGHTMARE_ABBEY_Q4054406,0.0616594855735503,HEADLONG_HALL_Q5689829,0.8385562896728516
118,"THE_EXPERIENCES_OF_LOVEDAY_BROOKE,_LADY_DETECTIVE_noWikiID",0.049863479389024,THE_ADVENTURES_OF_SHERLOCK_HOLMES_Q392147,0.9224354028701782
119,MEMOIRS_OF_A_MAGDALEN_Q6815279,0.0520374856859669,THE_LIFE_OF_HARRIOT_STUART_noWikiID,0.8283396363258362
120,MARRIAGE_noWikiID,0.0543008598413405,EVELINA_Q1635110,0.9447609782218933
121,THE_HISTORY_OF_THE_COUNTESS_OF_DELLWYN_Q19902681,0.0543008598413405,"THE_HISTORY_OF_TOM_JONES,_A_FOUNDLING_Q248096",0.8933948278427124
122,PLATTNER_STORY_noWikiID,0.0477757206414661,ROBERT_ELSMERE_Q7344052,0.9119372367858887
123,ORLEY_FARM_(NOVEL)_Q16962094,0.117501066676145,THE_HISTORY_OF_SIR_CHARLES_GRANDISON_Q3521260,0.9609665870666504
124,A_BELEAGUERED_CITY_noWikiID,0.0520374856859669,HELEN_noWikiID,0.9067800641059875
125,LEVER'S_LORD_KILGOBBIN_noWikiID,0.0477757206414661,HE_KNEW_HE_WAS_RIGHT_noWikiID,0.9468141794204712
126,THE_BICKERSTAFF_PAPERS_noWikiID,0.11291791638611,A_TALE_OF_A_TUB_Q2353123,0.8311357498168945
127,WILD_ANIMALS_I_HAVE_KNOWN_Q8000500,0.0477757206414661,THE_SECOND_JUNGLE_BOOK_Q1101819,0.8040019273757935
128,GREAT_EXPECTATIONS_Q219552,0.706633180000831,MARTIN_CHUZZLEWIT_Q1903609,0.9766624569892883
129,VRIL_Q510699,0.0591085593605752,THE_LIFE_OF_JOHN_BUNCLE_noWikiID,0.8998751044273376
130,THE_SECOND_JUNGLE_BOOK_Q1101819,0.117501066676145,THE_JUNGLE_BOOK_Q189509,0.9387570023536682
131,ODOUR_OF_CHRYSANTHEMUMS_Q7078330,0.049863479389024,THE_HISTORY_OF_THE_FAIRCHILD_FAMILY_Q7739822,0.7925378084182739
132,THE_HEIR_OF_REDCLYFFE_Q7739314,0.0591085593605752,THE_TENANT_OF_WILDFELL_HALL_Q44701,0.9605037569999695
133,WESTWARD_HO_noWikiID,0.122244604531682,YEAST_noWikiID,0.9131740927696228
134,PAMELA_OR_VIRTUE_REWARDED_Q2048624,0.84402409531542,ROXANA_Q3825485,0.9334914684295654
135,FRANKENSTEIN_Q150827,0.985957888404111,ST_LEON_Q7589523,0.9334399700164795
136,THE_ROSARY_noWikiID,0.049863479389024,RED_POTTAGE_noWikiID,0.8972054719924927
137,DAVID_COPPERFIELD_Q189811,0.46129393099787,DOMBEY_AND_SON_Q963659,0.9806356430053711
138,THE_MUMMER'S_WIFE_Q42186018,0.11291791638611,HESTER_noWikiID,0.9380020499229431
139,THE_MYSTERY_OF_EDWIN_DROOD_Q1168105,0.285047546124646,OUR_MUTUAL_FRIEND_Q1557935,0.9422022700309753
140,MARY_A_FICTION_Q2900963,0.132226821715085,MILLENIUM_HALL_Q6858753,0.8257562518119812
141,THE_LIFTED_VEIL_(NOVELLA)_Q6763446,0.132226821715085,VILLETTE_(NOVEL)_Q2449570,0.7348199486732483
142,THE_PRIVATE_PAPERS_OF_HENRY_RYECROFT_Q17027661,0.117501066676145,THE_CAXTONS_Q16385244,0.8939385414123535
143,THE_PROVOST_noWikiID,0.11291791638611,THE_HEART_OF_MIDLOTHIAN_Q2091094,0.875020444393158
144,THE_NOTTING_HILL_MYSTERY_Q7754437,0.0477757206414661,THE_WIDOW_BARNABY_noWikiID,0.8526914715766907
145,THE_WAY_OF_ALL_FLESH_Q255074,0.0860571657090285,THE_UNCLASSED_Q7771311,0.9524692296981812
146,UNDER_WESTERN_EYES_(NOVEL)_Q3685905,0.353247063375283,BLIND_LOVE_noWikiID,0.906561017036438
147,THE_PHANTOM_COACH_noWikiID,0.049863479389024,BASIL_noWikiID,0.8729627132415771
148,CAMILLA_Q2934813,0.550971056761127,CECILIA_Q3233990,0.9843535423278809
149,THE_PICKWICK_PAPERS_Q460583,0.724924183340321,"THE_HISTORY_OF_TOM_JONES,_A_FOUNDLING_Q248096",0.9412837624549866
150,THE_BATTLE_OF_DORKING_Q7715857,0.0520374856859669,PETER_THE_WHALER_noWikiID,0.8352347612380981
151,TWO_LITTLE_SAVAGES_noWikiID,0.0477757206414661,THE_VIRGINIANS_Q7772832,0.8916084170341492
152,THE_EBB-TIDE_Q4674957,0.0477757206414661,THE_BEACH_OF_FALESA_Q7715970,0.8894792795181274
153,CRANFORD_(NOVEL)_Q265100,0.227753497177042,THE_FAIRCHILD_FAMILY_noWikiID,0.8996821641921997
154,GUY_MANNERING_Q2288976,0.172694745758032,WAVERLEY_Q678251,0.9422076940536499
155,THE_MEMOIRS_OF_MISS_SIDNEY_BIDULPH_Q124661412,0.154263355437284,PAMELA_OR_VIRTUE_REWARDED_Q2048624,0.9617685079574585
156,SING_A_SONG_OF_SIXPENCE_noWikiID,0.0477757206414661,CARROTS_noWikiID,0.829426109790802
157,JUST_SO_STORIES_Q1247723,0.294299317623214,MOPSA_THE_FAIRY_noWikiID,0.8796823620796204
158,SYLVIAS_LOVERS_Q14566477,0.146710915746886,MARY_BARTON_Q2607078,0.945419430732727
159,PRINCE_RICARDO_OF_PANTOUFLIA_noWikiID,0.11291791638611,HEREWARD_THE_WAKE_(NOVEL)_Q5738318,0.7567795515060425
160,THE_THREE_BROTHERS_noWikiID,0.0477757206414661,THE_ORDEAL_OF_RICHARD_FEVEREL_Q14476502,0.9134572744369507
161,SILAS_MARNER_Q638327,0.427995724732536,ADAM_BEDE_Q2611046,0.9272975921630859
162,ROB_ROY_Q2156104,0.605736576985184,GUY_MANNERING_Q2288976,0.9622488617897034
163,THE_BROWNIE_OF_BODSBECK_Q96408508,0.148487553986026,THE_ANTIQUARY_Q1157183,0.9049639105796814
164,THE_WHITE_COMPANY_noWikiID,0.11291791638611,MICAH_CLARKE_Q3050442,0.9220002889633179
165,THE_CARVED_LIONS_Q7721468,0.0477757206414661,CARROTS_noWikiID,0.8884661197662354
166,THE_HILL_OF_DREAMS_Q1394147,0.117501066676145,THE_DOCTOR'S_WIFE_(MOORE_NOVEL)_Q7730467,0.8771870136260986
167,ZASTROZZI_Q8067086,0.127152048513252,A_SICILIAN_ROMANCE_Q979649,0.9235020279884338
168,CROTCHET_CASTLE_Q5188976,0.0477757206414661,HEADLONG_HALL_Q5689829,0.884535551071167
169,JEZEBEL'S_DAUGHTER_noWikiID,0.285047546124646,NO_NAME_(NOVEL)_Q7044605,0.9607976078987122
170,THE_NEWCOMES_Q3522018,0.122244604531682,PENDENNIS_Q7162382,0.9506359696388245
171,THE_TITHE_PROCTOR_noWikiID,0.0477757206414661,THE_EMIGRANTS_OF_AHADARRA_noWikiID,0.9448287487030029
172,MANSFIELD_PARK_Q469690,0.637452560360192,PRIDE_AND_PREJUDICE_Q170583,0.9520315527915955
173,ROXANA_Q3825485,0.68764997588443,MOLL_FLANDERS_Q612523,0.9247445464134216
174,THE_SETTLERS_IN_CANADA_Q7763415,0.0477757206414661,THE_HISTORY_OF_SANDFORD_AND_MERTON_Q7739806,0.9069144129753113
175,ROBERT_ELSMERE_Q7344052,0.0643129761992644,HESTER_noWikiID,0.9584006667137146
176,PETER_AND_WENDY_Q3435337,0.374053924716987,THE_GENTLEMAN_noWikiID,0.8586477041244507
177,THE_HISTORY_OF_MR_POLLY_Q2507552,0.0520374856859669,THE_FOOD_OF_THE_GODS_AND_HOW_IT_CAME_TO_EARTH_Q1215802,0.9015795588493347
178,DISCIPLINE_noWikiID,0.0543008598413405,CECILIA_Q3233990,0.9676019549369812
179,THE_THREE_MIDSHIPMEN_noWikiID,0.11291791638611,PETER_THE_WHALER_noWikiID,0.9360517859458923
180,CONFESSIONS_OF_A_THUG_(NOVEL)_Q5160036,0.0566567958260902,THE_ADVENTURES_OF_HAJJI_BABA_noWikiID,0.9213565587997437
181,THE_EGOIST_(NOVEL)_Q7731638,0.122244604531682,WIVES_AND_DAUGHTERS_Q2453239,0.9446492195129395
182,OUR_MUTUAL_FRIEND_Q1557935,0.594948283367066,GREAT_EXPECTATIONS_Q219552,0.9722285270690918
183,THE_HEAVENLY_TWINS_noWikiID,0.109783051426266,HESTER_noWikiID,0.9612252712249756
184,MOPSA_THE_FAIRY_noWikiID,0.0477757206414661,COMETH_UP_AS_A_FLOWER_Q19571321,0.8228679895401001
185,A_PAIR_OF_BLUE_EYES_Q2931240,0.332981899154278,DESPERATE_REMEDIES_Q2846293,0.9344020485877991
186,THE_SHADOW_OF_ASHLYDYAT_noWikiID,0.0520374856859669,THE_VICAR_OF_WREXHILL_noWikiID,0.9513022303581238
187,THE_FAIRCHILD_FAMILY_noWikiID,0.0543008598413405,THE_HISTORY_OF_THE_FAIRCHILD_FAMILY_Q7739822,0.940575122833252
188,KIM_(NOVEL)_Q589868,0.68764997588443,ON_THE_FACE_OF_THE_WATERS_Q59151630,0.8840311765670776
189,THE_VILLAGE_IN_THE_JUNGLE_Q19902832,0.0477757206414661,THE_SECOND_JUNGLE_BOOK_Q1101819,0.8957482576370239
190,THE_MYSTERIES_OF_UDOLPHO_Q2600909,0.520733070723992,THE_ROMANCE_OF_THE_FOREST_Q3406503,0.9594301581382751
191,DRACULA_Q41542,0.964677124546833,HARD_CASH_(NOVEL)_Q30314349,0.9192443490028381
192,HEART_AND_SCIENCE_noWikiID,0.127152048513252,JEZEBEL'S_DAUGHTER_noWikiID,0.9726462364196777
193,THE_GREAT_WAR_IN_ENGLAND_IN_1897_Q7737983,0.0477757206414661,THE_BATTLE_OF_DORKING_Q7715857,0.8886700868606567
194,THE_OLD_WIVES'_TALE_noWikiID,0.127152048513252,THE_LONGEST_JOURNEY_Q15999894,0.925179123878479
195,THE_SILVERADO_SQUATTERS_noWikiID,0.11291791638611,A_LADY'S_LIFE_IN_THE_ROCKY_MOUNTAINS_noWikiID,0.8383073210716248
196,THE_CRICKET_ON_THE_HEARTH_Q825220,0.11291791638611,THE_CHIMES_Q3828573,0.8093811273574829
197,THE_FEMALE_QUIXOTE_Q1404172,0.27863497027921,THE_ADVENTURES_OF_DAVID_SIMPLE_noWikiID,0.9608806371688843
198,A_TALE_OF_TWO_CITIES_Q308918,0.517417033796863,DOMBEY_AND_SON_Q963659,0.9435108304023743
199,JUDE_THE_OBSCURE_Q1248773,0.573104135313384,ROBERT_ELSMERE_Q7344052,0.9500026106834412
200,THE_PROFESSOR_(NOVEL)_Q762203,0.30372380755444,VILLETTE_(NOVEL)_Q2449570,0.9480380415916443
201,THE_QUADROON_noWikiID,0.0477757206414661,VARNEY_THE_VAMPIRE_Q1987925,0.898834764957428
202,A_SICILIAN_ROMANCE_Q979649,0.190637850864638,THE_CASTLES_OF_ATHLIN_AND_DUNBAYNE_Q7721600,0.9320766925811768
203,THE_JOLLY_CORNER_Q15240001,0.11291791638611,THE_AMBASSADORS_Q650571,0.7889143824577332
204,THE_UNTILLED_FIELD_noWikiID,0.172694745758032,ESTHER_WATERS_Q5401319,0.9100696444511414
205,RED_POTTAGE_noWikiID,0.0543008598413405,THE_HEAVENLY_TWINS_noWikiID,0.9284435510635376
206,BLACK_BEAUTY_Q880092,0.363586690277014,THE_CHILDREN_OF_THE_NEW_FOREST_Q7722508,0.8170628547668457
207,TYPHOON_Q1329329,0.285047546124646,THE_NIGGER_OF_THE_NARCISSUS_Q478537,0.8900260925292969
208,KENILWORTH_Q2600597,0.117501066676145,IVANHOE_Q840974,0.969918429851532
209,THE_PRIME_MINISTER_noWikiID,0.294299317623214,PHINEAS_REDUX_Q7186370,0.9752144813537598
210,TALE_OF_TWO_BAD_MICE_noWikiID,0.11291791638611,ADVENTURES_OF_A_PINCUSHION_noWikiID,0.7425063848495483
211,NIGHT_AND_MORNING_noWikiID,0.0477757206414661,POPULAR_TALES_noWikiID,0.8778008222579956
212,TALES_OF_UNREST_noWikiID,0.137472234822425,AN_OUTCAST_OF_THE_ISLANDS_Q1090444,0.9237242937088013
213,THE_SORROWS_OF_SATAN_Q13424700,0.0566567958260902,A_ROMANCE_OF_TWO_WORLDS_Q4659270,0.9348180294036865
214,YEAST_noWikiID,0.117501066676145,THE_LIFE_OF_JOHN_BUNCLE_noWikiID,0.9250771403312683
215,PLAIN_TALES_FROM_THE_HILLS_Q3484772,0.313316107488017,ENNUI_Q117149111,0.8842810988426208
216,AN_IRISH_COUSIN_noWikiID,0.0543008598413405,A_PAIR_OF_BLUE_EYES_Q2931240,0.8970186114311218
217,LOVE_INTRIGUES_noWikiID,0.127152048513252,OROONOKO_Q2453934,0.8654478192329407
218,THE_UNCLASSED_Q7771311,0.117501066676145,THE_SHADOW_OF_ASHLYDYAT_noWikiID,0.9594721794128418
219,A_LEGEND_OF_MONTROSE_Q3549611,0.11291791638611,OLD_MORTALITY_Q3234969,0.9256880283355713
220,THE_PHOENIX_AND_THE_CARPET_Q3795974,0.049863479389024,THE_HISTORY_OF_THE_FAIRCHILD_FAMILY_Q7739822,0.9056140184402466
221,MAX_noWikiID,0.0477757206414661,LOVE_AND_MR_LEWISHAM_Q4271834,0.8557363152503967
222,THE_INHERITORS_(CONRAD_AND_FORD_NOVEL)_Q7742035,0.049863479389024,THE_PRINCESS_CASAMASSIMA_Q3211932,0.9148074984550476
223,THE_MIRROR_OF_THE_SEA_noWikiID,0.11291791638611,THE_RIDDLE_OF_THE_SANDS_Q1170204,0.8807381987571716
224,WHAT_MAISIE_KNEW_Q2943614,0.323070787610778,THE_PORTRAIT_OF_A_LADY_Q861017,0.940043032169342
225,CASTLE_RACKRENT_Q5050238,0.86626658311391,THE_HISTORY_OF_JACK_CONNOR_noWikiID,0.8422518372535706
226,NO_THOROUGHFARE_Q7045074,0.0477757206414661,BLEAK_HOUSE_Q883305,0.9459227919578552
227,THE_ANTIQUARY_Q1157183,0.323070787610778,GUY_MANNERING_Q2288976,0.9469476938247681
228,PANDORA_noWikiID,0.11291791638611,THE_FIGURE_IN_THE_CARPET_Q3224800,0.7782205939292908
229,ACTIONS_AND_REACTIONS_noWikiID,0.117501066676145,PLAIN_TALES_FROM_THE_HILLS_Q3484772,0.8984102606773376
230,TALES_OF_MEAN_STREETS_noWikiID,0.0520374856859669,THE_FIDDLER_OF_THE_REELS_Q2288667,0.7912861108779907
231,EVENINGS_AT_HOME_Q5416654,0.0543008598413405,THE_HISTORY_OF_SANDFORD_AND_MERTON_Q7739806,0.9244290590286255
232,A_LITTLE_PRINCESS_Q10483376,0.117501066676145,THE_CARVED_LIONS_Q7721468,0.895790159702301
233,PHANTASTES_Q1616808,0.137472234822425,THE_LAST_DAYS_OF_POMPEII_Q1218985,0.8921499252319336
234,THE_AWKWARD_AGE_noWikiID,0.11291791638611,THE_PORTRAIT_OF_A_LADY_Q861017,0.9403250217437744
235,CECILIA_Q3233990,0.177146178958168,CLARISSA_Q980534,0.9668592214584351
236,FORTUNATE_FOUNDLINGS_noWikiID,0.11291791638611,OROONOKO_Q2453934,0.8887838125228882
237,A_CHILD_OF_THE_JAGO_Q4655860,0.158330619297716,TALES_OF_MEAN_STREETS_noWikiID,0.8741306066513062
238,LITTLE_LORD_FAUNTLEROY_Q387480,0.122244604531682,DOCTOR_THORNE_noWikiID,0.8964084982872009
239,SUNRISE_noWikiID,0.11291791638611,THE_AMERICAN_Q3080503,0.9452915191650391
240,THE_MURDERED_COUSIN_noWikiID,0.11291791638611,SECRESY_noWikiID,0.8572291135787964
241,FANNY_HILL_Q1395765,0.049863479389024,PAMELA_OR_VIRTUE_REWARDED_Q2048624,0.7791478633880615
242,HALF_A_LIFE-TIME_AGO_noWikiID,0.0477757206414661,RUTH_Q80038,0.8103874921798706
243,HEART_OF_DARKNESS_Q129778,0.75930721969968,TALES_OF_UNREST_noWikiID,0.8955532312393188
244,THE_HISTORY_OF_MISS_BETSY_THOUGHTLESS_noWikiID,0.127152048513252,PAMELA_OR_VIRTUE_REWARDED_Q2048624,0.9506163597106934
245,THE_FIGURE_IN_THE_CARPET_Q3224800,0.11291791638611,THE_ASPERN_PAPERS_Q2362409,0.7818362712860107
246,CAPTAIN_SINGLETON_Q1728631,0.122244604531682,ROBINSON_CRUSOE_Q483034,0.9289146661758423
247,THE_ALTAR_OF_THE_DEAD_Q7713242,0.11291791638611,THE_LIFTED_VEIL_(NOVELLA)_Q6763446,0.7667170166969299
248,THE_MOONSTONE_Q2362563,0.724924183340321,ARMADALE_Q4792516,0.9444610476493835
249,A_DRAMA_IN_MUSLIN_noWikiID,0.207211382680442,BELINDA_noWikiID,0.9056185483932495
250,A_ROMANCE_OF_TWO_WORLDS_Q4659270,0.049863479389024,VILLETTE_(NOVEL)_Q2449570,0.8879324197769165
251,A_LAODICEAN_Q2105252,0.122244604531682,A_PAIR_OF_BLUE_EYES_Q2931240,0.9340083003044128
252,LOSS_AND_GAIN_Q3259809,0.122244604531682,PATRONAGE_(NOVEL)_Q7148133,0.9057867527008057
253,THE_STORY_OF_MY_HEART_Q7766776,0.117501066676145,SARTOR_RESARTUS_Q1134140,0.8776300549507141
254,THE_CAXTONS_Q16385244,0.0477757206414661,THE_ADVENTURES_OF_HUGH_TREVOR_noWikiID,0.9137294888496399
255,STELLA_MARIS_noWikiID,0.0543008598413405,ROBERT_ELSMERE_Q7344052,0.9500029683113098
256,RECORDS_OF_A_GIRLHOOD_noWikiID,0.0543008598413405,JANE_EYRE_Q182961,0.9463065266609192
257,THE_LOUGH_DERG_PILGRIM_noWikiID,0.0477757206414661,ARTHUR_MERVYN_Q4799713,0.8698006272315979
258,MICAH_CLARKE_Q3050442,0.117501066676145,IT_IS_NEVER_TOO_LATE_TO_MEND_(NOVEL)_Q6091852,0.8809659481048584
259,LORD_JIM_Q727408,0.313316107488017,THE_TRUMPET_noWikiID,0.9234668612480164
260,THE_QUIET_HEART_noWikiID,0.0477757206414661,RUTH_Q80038,0.774860143661499
261,THE_TAILOR_OF_GLOUCESTER_noWikiID,0.11291791638611,NOUGHTS_&_CROSSES_noWikiID,0.7640092968940735
262,GHETTO_TRAGEDIES_noWikiID,0.0477757206414661,CHILDREN_OF_THE_GHETTO_noWikiID,0.9362376928329468
263,THE_HISTORY_OF_THE_NUN_Q7739821,0.11291791638611,THE_FAIR_JILT_Q18393398,0.9398379921913147
264,ALL_SORTS_AND_CONDITIONS_OF_MEN_noWikiID,0.0520374856859669,WIVES_AND_DAUGHTERS_Q2453239,0.9477053284645081
265,JOHN_HALIFAX_GENTLEMAN_Q6237289,0.132226821715085,JANE_EYRE_Q182961,0.9543626308441162
266,LIFE'S_LITTLE_IRONIES_noWikiID,0.11291791638611,TESS_OF_THE_D'URBERVILLES_Q649409,0.9042516946792603
267,PETER_THE_WHALER_noWikiID,0.117501066676145,MR_MIDSHIPMAN_EASY_Q1936382,0.9394206404685974
268,THE_STORY_OF_THE_AMULET_Q7766831,0.049863479389024,FIVE_CHILDREN_AND_IT_noWikiID,0.926052451133728
269,THE_ADVENTURES_OF_RIVELLA_Q85806338,0.0477757206414661,OROONOKO_Q2453934,0.8580489754676819
270,THE_HOUSE_BY_THE_CHURCHYARD_Q4165605,0.122244604531682,THE_PICKWICK_PAPERS_Q460583,0.9003376364707947
271,ST_MARTIN'S_EVE_noWikiID,0.049863479389024,THE_SHADOW_OF_ASHLYDYAT_noWikiID,0.9459705352783203
272,"MY_KALULU_PRINCE,_KING,_AND_SLAVE_noWikiID",0.0477757206414661,THE_CLOISTER_AND_THE_HEARTH_Q7723455,0.8849614858627319
273,THE_SEAFARER_noWikiID,0.0477757206414661,THE_LIGHTHOUSE_noWikiID,0.8459643721580505
274,THE_SECRET_GARDEN_Q472194,0.353247063375283,THE_PHOENIX_AND_THE_CARPET_Q3795974,0.9180545806884766
275,HISTORY_OF_JOHN_BULL_noWikiID,0.11291791638611,THE_BICKERSTAFF_PAPERS_noWikiID,0.8167144060134888
276,THE_SECRET_ROSE_noWikiID,0.0520374856859669,THE_WELL_AT_THE_WORLD'S_END_Q2384134,0.8779427409172058
277,JOHN_BURNET_OF_BARNS_noWikiID,0.11291791638611,RINGAN_GILHAIZE_noWikiID,0.875324010848999
278,THE_MUDFOG_PAPERS_Q7752595,0.11291791638611,SKETCHES_BY_BOZ_Q2609480,0.8288498520851135
279,CHANCE_Q793748,0.294299317623214,LORD_JIM_Q727408,0.9378947019577026
280,HARRINGTON_noWikiID,0.11291791638611,PATRONAGE_(NOVEL)_Q7148133,0.9490272998809814
281,EUGENE_ARAM_(NOVEL)_Q16385636,0.0477757206414661,ST_LEON_Q7589523,0.9160709977149963
282,MARIUS_THE_EPICUREAN_Q5477441,0.148487553986026,SARTOR_RESARTUS_Q1134140,0.8927245736122131
283,THE_BOOK_OF_WONDER_Q7719322,0.0477757206414661,THE_HILL_OF_DREAMS_Q1394147,0.7778270840644836
284,PHINEAS_REDUX_Q7186370,0.30372380755444,HE_KNEW_HE_WAS_RIGHT_noWikiID,0.9573843479156494
285,THE_ANTI-PAMELA_Q7713932,0.127152048513252,LOVE_IN_EXCESS;_OR_THE_FATAL_ENQUIRY_Q1588738,0.9376493692398071
286,THE_HOUND_OF_THE_BASKERVILLES_Q45192,0.353247063375283,THE_ADVENTURES_OF_SHERLOCK_HOLMES_Q392147,0.8963839411735535
287,THE_HAUNTED_HOUSE_Q6073289,0.11291791638611,MORAL_TALES_noWikiID,0.8052525520324707
288,THE_KING_OF_THE_PIRATES_noWikiID,0.117501066676145,THE_CONSOLIDATOR_Q60753482,0.8158669471740723
289,THE_EXECUTOR_noWikiID,0.0477757206414661,RUTH_Q80038,0.8135368227958679
290,THE_MERCENARY_LOVER_noWikiID,0.0477757206414661,SIR_NIGEL_Q1963997,0.8792116641998291
291,LADY_AUDLEY'S_SECRET_Q2738351,0.769791600120154,LITTLE_DORRIT_Q565638,0.9401571154594421
292,SENTIMENTAL_TOMMY_noWikiID,0.11291791638611,THE_LITTLE_MINISTER_noWikiID,0.9014096856117249
293,A_WINDOW_IN_THRUMS_noWikiID,0.11291791638611,ALEC_FORBES_OF_HOWGLEN_noWikiID,0.8347328305244446
294,THE_WHITE_PEACOCK_Q7774542,0.049863479389024,SEVEN_LITTLE_AUSTRALIANS_Q7457323,0.9362894296646118
295,THE_SIGNAL-MAN_Q1002362,0.127152048513252,BASIL_noWikiID,0.7513631582260132
296,HEADLONG_HALL_Q5689829,0.049863479389024,EVENINGS_AT_HOME_Q5416654,0.832894504070282
297,THE_COMING_OF_CUCULAIN_noWikiID,0.0477757206414661,THE_MISFORTUNES_OF_ELPHIN_Q7751712,0.8391703367233276
298,A_WORLD_OF_GIRLS_noWikiID,0.049863479389024,CRANFORD_(NOVEL)_Q265100,0.9137325882911682
299,DESPERATE_REMEDIES_Q2846293,0.30372380755444,DAVID_COPPERFIELD_Q189811,0.9405615925788879
300,THE_WHIRLPOOL_noWikiID,0.11291791638611,THE_ODD_WOMEN_Q7754692,0.9418820738792419
301,MARIA_OR_THE_WRONGS_OF_WOMAN_Q890170,0.616422785736394,ST_LEON_Q7589523,0.9160231947898865
302,THE_BLACK_PROPHET_noWikiID,0.0670724962784257,FARDOROUGHA_THE_MISER_noWikiID,0.9391051530838013
303,THE_BODY-SNATCHER_noWikiID,0.11291791638611,NEW_ARABIAN_NIGHTS_noWikiID,0.7749291658401489
304,A_SPORTSMAN'S_SKETCHES_noWikiID,0.11291791638611,THE_ROMANY_RYE_Q7761435,0.775745153427124
305,THE_CROCK_OF_GOLD_(NOVEL)_Q7728134,0.0591085593605752,THE_MANXMAN_noWikiID,0.8943063616752625
306,RUJUB_THE_JUGGLER_noWikiID,0.0477757206414661,MR_MIDSHIPMAN_EASY_Q1936382,0.917277991771698
307,DEERBROOK_noWikiID,0.117501066676145,CLARISSA_Q980534,0.962752640247345
308,JESSICA'S_FIRST_PRAYER_noWikiID,0.0591085593605752,MARY_BARTON_Q2607078,0.8319056034088135
309,SKETCHES_BY_BOZ_Q2609480,0.11291791638611,TALES_OF_FASHIONABLE_LIFE_noWikiID,0.9146041870117188
310,THE_HISTORY_OF_SIR_CHARLES_GRANDISON_Q3521260,0.117501066676145,CLARISSA_Q980534,0.9696364998817444
311,IN_THE_YEAR_OF_JUBILEE_Q19572195,0.117501066676145,NEW_GRUB_STREET_noWikiID,0.959976077079773
312,AYESHA_(NOVEL)_Q2604590,0.142891468333576,SHE_A_HISTORY_OF_ADVENTURE_Q640513,0.9135244488716125
313,JORROCK'S_JAUNTS_AND_JOLLITIES_noWikiID,0.117501066676145,ENNUI_Q117149111,0.8375334143638611
314,KIDNAPPED_(NOVEL)_Q2349094,0.384640372733741,ROBERT_FALCONER_noWikiID,0.847061276435852
315,THE_VAMPYRE_Q509070,0.313316107488017,A_SICILIAN_ROMANCE_Q979649,0.8789095282554626
316,COMETH_UP_AS_A_FLOWER_Q19571321,0.0520374856859669,BROKEN_TO_HARNESS_noWikiID,0.8730144500732422
317,NEWS_FROM_NOWHERE_Q7019506,0.384640372733741,MARTIN_CHUZZLEWIT_Q1903609,0.877670168876648
318,ESTHER_WATERS_Q5401319,0.285047546124646,DEMOS_noWikiID,0.9381090998649597
319,THE_PURCELL_PAPERS_Q7758781,0.11291791638611,THE_STRING_OF_PEARLS_Q7767037,0.9266210198402405
320,THE_WOULDBEGOODS_noWikiID,0.0477757206414661,THE_STORY_OF_THE_TREASURE_SEEKERS_Q7766848,0.9316122531890869
321,THE_DIARY_OF_A_NOBODY_Q864150,0.164415364683147,SKETCHES_BY_BOZ_Q2609480,0.8551400303840637
322,THE_BETH_BOOK_noWikiID,0.0643129761992644,THE_HEAVENLY_TWINS_noWikiID,0.9638876914978027
323,THE_SMALL_HOUSE_AT_ALLINGTON_Q7764868,0.294299317623214,ORLEY_FARM_(NOVEL)_Q16962094,0.9573066830635071
324,ALMAYER'S_FOLLY_Q2404359,0.122244604531682,THE_TRUMPET_noWikiID,0.8150869607925415
325,OLD_MORTALITY_Q3234969,0.450141038132134,WAVERLEY_Q678251,0.9327160716056824
326,THE_LIFE_OF_JOHN_BUNCLE_noWikiID,0.0566567958260902,"THE_HISTORY_OF_TOM_JONES,_A_FOUNDLING_Q248096",0.9126735925674438
327,THE_VICAR_OF_WAKEFIELD_Q1196205,0.332981899154278,JOSEPH_ANDREWS_Q784226,0.9286964535713196
328,TONO-BUNGAY_Q1535422,0.097276608150085,THE_INHERITORS_(CONRAD_AND_FORD_NOVEL)_Q7742035,0.9304229021072388
329,THE_HISTORY_OF_SANDFORD_AND_MERTON_Q7739806,0.127152048513252,THE_ADVENTURES_OF_RODERICK_RANDOM_Q7712626,0.938991129398346
330,THE_VICAR_OF_WREXHILL_noWikiID,0.11291791638611,THE_HISTORY_OF_SIR_CHARLES_GRANDISON_Q3521260,0.9595282673835754
331,THE_AUTOBIOGRAPHY_OF_MARK_RUTHERFORD_noWikiID,0.141170686071351,THE_LIFE_OF_JOHN_BUNCLE_noWikiID,0.8790395855903625
332,BROKEN_TO_HARNESS_noWikiID,0.049863479389024,DOCTOR_THORNE_noWikiID,0.9297208189964294
333,AN_APOLOGY_FOR_THE_LIFE_OF_MRS._SHAMELA_ANDREWS_Q2743569,0.137472234822425,A_COMPLETE_COLLECTION_OF_GENTEEL_AND_INGENIOUS_CONVERSATION_Q4656050,0.7832949161529541
334,CARNIVAL_noWikiID,0.11291791638611,CELIBATES_noWikiID,0.9263548851013184
335,THE_RECOLLECTIONS_OF_GEOFFREY_HAMLYN_Q121356927,0.11291791638611,THE_STRING_OF_PEARLS_Q7767037,0.9309860467910767
336,CORAL_ISLAND_Q4232653,0.0566567958260902,MASTERMAN_READY_OR_THE_WRECK_OF_THE_PACIFIC_Q6785376,0.9198199510574341
337,SYLVIE_AND_BRUNO_Q1632505,0.11291791638611,OUR_MUTUAL_FRIEND_Q1557935,0.8985455632209778
338,THE_MONK_Q2659564,0.398516949286156,THE_ROMANCE_OF_THE_FOREST_Q3406503,0.9479124546051025
339,RINGAN_GILHAIZE_noWikiID,0.154263355437284,OLD_MORTALITY_Q3234969,0.9432139992713928
340,A_SENTIMENTAL_JOURNEY_THROUGH_FRANCE_AND_ITALY_Q768792,0.185923994154683,THE_LIFE_AND_OPINIONS_OF_TRISTRAM_SHANDY_GENTLEMAN_Q1164083,0.8753800988197327
341,A_SIMPLE_STORY_Q4659531,0.177146178958168,CECILIA_Q3233990,0.9507862329483032
342,SYBIL_Q3506752,0.450141038132134,VIVIAN_GREY_Q7937713,0.9235800504684448
343,CHARLOTTE_TEMPLE_noWikiID,0.0477757206414661,EMMA_OR_THE_UNFORTUNATE_ATTACHMENT_noWikiID,0.8880010843276978
344,TESS_OF_THE_D'URBERVILLES_Q649409,0.616422785736394,THE_MILL_ON_THE_FLOSS_Q1215018,0.9360385537147522
345,A_PATCH-WORK_SCREEN_FOR_THE_LADIES_noWikiID,0.137472234822425,LOVE_INTRIGUES_noWikiID,0.9159587621688843
346,THE_HISTORY_OF_JACK_CONNOR_noWikiID,0.0591085593605752,THE_ADVENTURES_OF_PEREGRINE_PICKLE_Q7712607,0.9155650734901428
347,DUBLINERS_Q459592,0.797979883708377,CRANFORD_(NOVEL)_Q265100,0.9126791954040527
348,THE_GOLDEN_BOWL_Q1248585,0.323070787610778,THE_WINGS_OF_A_DOVE_Q1557588,0.9770300388336182
349,MAZEPPA_noWikiID,0.0477757206414661,THE_HISTORY_AND_REMARKABLE_LIFE_OF_THE_TRULY_HONOURABLE_COL_noWikiID,0.849649965763092
350,TALES_FROM_SHAKESPEARE_Q589197,0.0591085593605752,EXILUS_noWikiID,0.893450915813446
351,THE_CASTLE_OF_OTRANTO_Q548576,0.913959841960442,THE_FEMALE_QUIXOTE_Q1404172,0.8590390682220459
352,THE_KING_AND_QUEEN_OF_HEARTS_noWikiID,0.11291791638611,THE_DEAD_SECRET_Q16934313,0.9475188851356506
353,THE_ADVENTURES_OF_ANTHONY_VARNISH_noWikiID,0.049863479389024,THE_ADVENTURES_OF_PEREGRINE_PICKLE_Q7712607,0.9329385757446289
354,A_SON_OF_THE_SOIL_Q106040512,0.049863479389024,DAVID_ELGINBROD_Q5233331,0.9176099300384521
355,HOLIDAY_HOUSE_noWikiID,0.0566567958260902,MARRIAGE_noWikiID,0.8939592838287354
356,WET_MAGIC_noWikiID,0.0477757206414661,THE_PHOENIX_AND_THE_CARPET_Q3795974,0.9179006814956665
357,THE_OUTCAST_noWikiID,0.0477757206414661,THE_WAY_WE_LIVE_NOW_Q7773866,0.9244553446769714
358,TALES_OF_FASHIONABLE_LIFE_noWikiID,0.122244604531682,THE_ADVENTURES_OF_HUGH_TREVOR_noWikiID,0.9388478398323059
359,THE_GRIM_SMILE_OF_THE_FIVE_TOWNS_Q24255934,0.11291791638611,THE_FORSYTE_SAGA_Q735319,0.8769556879997253
360,HARD_TIMES_(NOVEL)_Q1340493,0.706633180000831,DAVID_COPPERFIELD_Q189811,0.9533944129943848
361,ADAM_BEDE_Q2611046,0.733799591996489,NORTH_AND_SOUTH_(GASKELL_NOVEL)_Q1853142,0.9522913694381714
362,HARD_CASH_(NOVEL)_Q30314349,0.0566567958260902,DAVID_COPPERFIELD_Q189811,0.944649875164032
363,THE_KING_OF_THE_GOLDEN_RIVER_Q14476439,0.122244604531682,EVENINGS_AT_HOME_Q5416654,0.6988216638565063
364,THE_WOMAN_IN_WHITE_(NOVEL)_Q1212672,0.964677124546833,THE_DEAD_SECRET_Q16934313,0.9522011876106262
365,THE_RIDDLE_OF_THE_SANDS_Q1170204,0.158330619297716,LORD_JIM_Q727408,0.9004141092300415
366,THE_LITTLE_LAME_PRINCE_AND_HIS_TRAVELLING_CLOAK_Q7747642,0.11291791638611,THE_LIGHT_PRINCESS_noWikiID,0.8511063456535339
367,POPULAR_TALES_noWikiID,0.127152048513252,THE_ADVENTURES_OF_PEREGRINE_PICKLE_Q7712607,0.9556074142456055
368,THE_EUSTACE_DIAMONDS_Q7732627,0.294299317623214,THE_SMALL_HOUSE_AT_ALLINGTON_Q7764868,0.9616585969924927
369,THE_ITALIAN_(RADCLIFFE_NOVEL)_Q3204370,0.204901193890185,THE_ROMANCE_OF_THE_FOREST_Q3406503,0.9474418759346008
370,CHRONICLES_OF_THE_CANONGATE_Q17352486,0.142891468333576,WAVERLEY_Q678251,0.9486702084541321
371,THE_FALLEN_LEAVES_(BOOK)_Q85807134,0.11291791638611,THE_MOONSTONE_Q2362563,0.9552104473114014
372,A_DARK_NIGHT'S_WORK_Q16385401,0.049863479389024,MY_LADY_LUDLOW_Q16387198,0.9222121834754944
373,LOVE_AND_MR_LEWISHAM_Q4271834,0.117501066676145,THE_ADVENTURES_OF_SHERLOCK_HOLMES_Q392147,0.8851733207702637
374,THE_MANXMAN_noWikiID,0.0477757206414661,NORTH_AND_SOUTH_(GASKELL_NOVEL)_Q1853142,0.9330279231071472
375,HELBECK_OF_BANNISDALE_Q19572074,0.0477757206414661,JOHN_HALIFAX_GENTLEMAN_Q6237289,0.9344272613525391
376,SALEM_CHAPEL_noWikiID,0.0566567958260902,RUTH_Q80038,0.9374892115592957
377,THE_DEMI-GODS_noWikiID,0.0477757206414661,THE_CROCK_OF_GOLD_(NOVEL)_Q7728134,0.8914828896522522
378,FLATLAND_noWikiID,0.141170686071351,ACROSS_THE_ZODIAC_Q4676516,0.8723074793815613
379,A_ROOM_WITH_A_VIEW_Q120288,0.117501066676145,A_DRAMA_IN_MUSLIN_noWikiID,0.9262905716896057
380,THE_MAN_WHO_WAS_THURSDAY_Q959816,0.0477757206414661,THE_SLEEPER_AWAKES_Q650949,0.8599835634231567
381,A_JOURNEY_FROM_THIS_WORLD_TO_THE_NEXT_noWikiID,0.11291791638611,FORTUNATE_FOUNDLINGS_noWikiID,0.8633566498756409
382,BARCHESTER_TOWERS_Q4859885,0.30372380755444,CLARISSA_Q980534,0.9297266006469727
383,SCENES_OF_CLERICAL_LIFE_Q6544172,0.384640372733741,RUTH_Q80038,0.9380412697792053
384,THE_MAYOR_OF_CASTERBRIDGE_Q2343169,0.332981899154278,THE_RETURN_OF_THE_NATIVE_Q141568,0.9348881840705872
385,CELIBATES_noWikiID,0.117501066676145,COMETH_UP_AS_A_FLOWER_Q19571321,0.8921343088150024
386,THE_WHITE_ROOM_noWikiID,0.0520374856859669,THE_LAW_AND_THE_LADY_(NOVEL)_Q3480742,0.9021754264831543
387,PETER'S_PENCE_noWikiID,0.0477757206414661,A_WINDOW_IN_THRUMS_noWikiID,0.7181016802787781
388,THE_GREAT_TABOO_noWikiID,0.0477757206414661,WESTWARD_HO_noWikiID,0.8943813443183899
389,DAUGHTERS_OF_MEN_noWikiID,0.0477757206414661,DIANA_OF_THE_CROSSWAYS_Q5271362,0.9000818729400635
390,MY_NEW_CURATE_noWikiID,0.0477757206414661,DRACULA_Q41542,0.908076286315918
391,THE_WELL_AT_THE_WORLD'S_END_Q2384134,0.11291791638611,A_DREAM_OF_JOHN_BALL_noWikiID,0.9094691872596741
392,TWO_ON_A_TOWER_Q7859431,0.11291791638611,THE_ITALIAN_(RADCLIFFE_NOVEL)_Q3204370,0.8899513483047485
393,THE_LIFE_AND_OPINIONS_OF_TRISTRAM_SHANDY_GENTLEMAN_Q1164083,0.733799591996489,THE_HISTORY_OF_JACK_CONNOR_noWikiID,0.8862376809120178
394,THE_ORDEAL_OF_RICHARD_FEVEREL_Q14476502,0.122244604531682,WESTWARD_HO_noWikiID,0.9147416353225708
395,THE_HEART_OF_MIDLOTHIAN_Q2091094,0.395337204568379,WAVERLEY_Q678251,0.9575316905975342
396,THE_WINGS_OF_A_DOVE_Q1557588,0.285047546124646,THE_PORTRAIT_OF_A_LADY_Q861017,0.9652370810508728
397,THE_HORRORS_OF_OAKENDALE_ABBEY_Q7740333,0.0477757206414661,THE_CHILDREN_OF_THE_ABBEY_Q7722505,0.9024776220321655
398,EREWHON_REVISITED_Q5385740,0.0477757206414661,DRACULA_Q41542,0.9199760556221008
399,THE_CASTLES_OF_ATHLIN_AND_DUNBAYNE_Q7721600,0.049863479389024,LONGSWORD_(NOVEL)_Q104859091,0.891926646232605
400,KIPPS_Q1249082,0.142891468333576,LOVE_AND_MR_LEWISHAM_Q4271834,0.942227840423584
401,BORN_IN_EXILE_Q4945890,0.11291791638611,DEMOS_noWikiID,0.9480078816413879
402,NOSTROMO_Q430248,0.46129393099787,ON_THE_FACE_OF_THE_WATERS_Q59151630,0.9013066291809082
403,THE_BATTLE_OF_THE_BOOKS_Q7715895,0.132226821715085,THE_FAIR_JILT_Q18393398,0.8161451816558838
404,ROMOLA_Q7363279,0.11291791638611,VILLETTE_(NOVEL)_Q2449570,0.8981649875640869
405,REDGAUNTLET_Q3422871,0.562068477362731,THE_FORTUNES_OF_NIGEL_Q3230799,0.9491611123085022
406,"AFTER_LONDON;_OR,_WILD_ENGLAND_noWikiID",0.11291791638611,CAPTAIN_SINGLETON_Q1728631,0.8663433194160461
407,JANE_EYRE_Q182961,0.993700367636865,DEERBROOK_noWikiID,0.9340928196907043
408,CONFESSIONS_OF_A_YOUNG_MAN_Q5160039,0.137472234822425,A_MERE_ACCIDENT_noWikiID,0.8167639970779419
409,THE_MYSTERIES_OF_LONDON_Q7752831,0.0825857148766979,MOLL_FLANDERS_Q612523,0.8138467073440552
410,MEMOIRS_OF_CARWIN_THE_BILOQUIST_Q6815263,0.11291791638611,ST_LEON_Q7589523,0.8640583753585815
411,LIFE_AND_PERAMBULATIONS_OF_A_MOUSE_noWikiID,0.049863479389024,PAMELA_OR_VIRTUE_REWARDED_Q2048624,0.8406912684440613
412,UNKNOWN_TO_HISTORY_noWikiID,0.0477757206414661,THE_ABBOT_Q2717772,0.8979085683822632
413,THE_YOUNG_FUR_TRADERS_noWikiID,0.0477757206414661,THE_HISTORY_OF_SANDFORD_AND_MERTON_Q7739806,0.9250355958938599
414,THE_GREEN_CARNATION_Q7738140,0.049863479389024,AGNES_GREY_Q517172,0.8030781149864197
415,TRILBY_(NOVEL)_Q1691967,0.313316107488017,RECORDS_OF_A_GIRLHOOD_noWikiID,0.8785971999168396
416,SECRESY_noWikiID,0.117501066676145,THE_ROMANCE_OF_THE_FOREST_Q3406503,0.9454447031021118
417,PHILISTIA_noWikiID,0.0477757206414661,ALL_SORTS_AND_CONDITIONS_OF_MEN_noWikiID,0.8960520625114441
418,EREWHON_Q1350048,0.0699415703280632,VRIL_Q510699,0.9116916060447693
419,HYMNS_IN_PROSE_FOR_CHILDREN_Q9005648,0.0543008598413405,THE_BATTLE_OF_THE_BOOKS_Q7715895,0.716708242893219
420,COELEBS_IN_SEARCH_OF_A_WIFE_Q5140605,0.0699415703280632,CECILIA_Q3233990,0.9281616806983948
421,NO_NAME_(NOVEL)_Q7044605,0.343042979973045,THE_DEAD_SECRET_Q16934313,0.9682032465934753
422,DR_JEKYLL_AND_MR_HYDE_Q217352,0.790633780314419,NEW_ARABIAN_NIGHTS_noWikiID,0.8240930438041687
423,WIVES_AND_DAUGHTERS_Q2453239,0.152429981210903,THE_SHADOW_OF_ASHLYDYAT_noWikiID,0.972217321395874
424,THE_CANTERVILLE_GHOST_Q288020,0.117501066676145,A_DRAMA_IN_MUSLIN_noWikiID,0.8058119416236877
425,THE_GENTLEMAN_noWikiID,0.049863479389024,THE_EBB-TIDE_Q4674957,0.9258435368537903
426,THE_LITTLE_MINISTER_noWikiID,0.11291791638611,ALEC_FORBES_OF_HOWGLEN_noWikiID,0.9106637239456177
427,VIVIAN_GREY_Q7937713,0.11291791638611,"THE_HISTORY_OF_TOM_JONES,_A_FOUNDLING_Q248096",0.9079629778862
428,LIBER_AMORIS_noWikiID,0.117501066676145,MATHILDA_Q3851863,0.8708640336990356
429,ROBINSON_CRUSOE_Q483034,0.930072496067797,OROONOKO_Q2453934,0.7558516263961792
430,A_LADY'S_LIFE_IN_THE_ROCKY_MOUNTAINS_noWikiID,0.117501066676145,MADAM_HOW_AND_LADY_WHY_noWikiID,0.8280195593833923
431,IN_A_GLASS_DARKLY_Q6011356,0.30372380755444,A_TALE_OF_TWO_CITIES_Q308918,0.9212247729301453
432,THE_ADVENTURES_OF_HAJJI_BABA_noWikiID,0.049863479389024,THE_HISTORY_OF_SANDFORD_AND_MERTON_Q7739806,0.9086840748786926
433,A_MODERN_UTOPIA_Q1249074,0.122244604531682,EREWHON_Q1350048,0.9003666639328003
434,THE_STICKIT_MINISTER_noWikiID,0.0477757206414661,THE_ANTIQUARY_Q1157183,0.8821576833724976
435,THE_BEETLE_(NOVEL)_Q7716299,0.122244604531682,VARNEY_THE_VAMPIRE_Q1987925,0.9273942112922668
436,ADELA_CATHCART_noWikiID,0.11291791638611,DAVID_ELGINBROD_Q5233331,0.935536801815033
437,THE_WAY_WE_LIVE_NOW_Q7773866,0.16636459934805,THE_EUSTACE_DIAMONDS_Q7732627,0.975676417350769
438,ACROSS_THE_ZODIAC_Q4676516,0.0477757206414661,VRIL_Q510699,0.9118073582649231
439,THE_KING'S_OWN_noWikiID,0.0543008598413405,THE_HISTORY_OF_SANDFORD_AND_MERTON_Q7739806,0.9331368803977966
440,JONATHAN_WILD_noWikiID,0.30372380755444,GULLIVER'S_TRAVELS_Q181488,0.9102309942245483
441,OUR_VILLAGE_Q7111226,0.0792421570318606,EVENINGS_AT_HOME_Q5416654,0.8454741835594177
442,THROUGH_THE_LOOKING-GLASS_Q220331,0.313316107488017,THE_WATER-BABIES_A_FAIRY_TALE_FOR_A_LAND_BABY_Q14914646,0.8618582487106323
443,JOSEPH_ANDREWS_Q784226,0.294299317623214,PAMELA_OR_VIRTUE_REWARDED_Q2048624,0.9329128265380859
444,MEMOIRS_OF_A_CAVALIER_Q6815274,0.137472234822425,THE_KING_OF_THE_PIRATES_noWikiID,0.7949694395065308
445,CATRIONA_noWikiID,0.11291791638611,ROBERT_FALCONER_noWikiID,0.9160082936286926
446,THE_THREE_PERILS_OF_MAN_Q96409659,0.142891468333576,THE_MONASTERY_Q3224650,0.9362475872039795
447,ORIGINAL_STORIES_FROM_REAL_LIFE_Q2705647,0.160221548263055,MILLENIUM_HALL_Q6858753,0.8988970518112183
448,THE_LAND_IRONCLADS_Q7745355,0.11291791638611,HEART_OF_DARKNESS_Q129778,0.8366360068321228
449,THE_AMBASSADORS_Q650571,0.353247063375283,THE_WINGS_OF_A_DOVE_Q1557588,0.969247043132782
450,ANTAR_noWikiID,0.0477757206414661,A_LEGEND_OF_MONTROSE_Q3549611,0.8285288214683533
451,EMMA_OR_THE_UNFORTUNATE_ATTACHMENT_noWikiID,0.049863479389024,CLARISSA_Q980534,0.9439802765846252
452,ODD_MAN_OUT_noWikiID,0.0520374856859669,A_WINDOW_IN_THRUMS_noWikiID,0.6942458748817444
453,THE_TRUMPET_noWikiID,0.0477757206414661,THE_VIRGINIANS_Q7772832,0.9222354292869568
454,ST_IVES_Q4675044,0.11291791638611,SAINT_RONAN'S_WELL_Q3232270,0.9340642690658569
455,THE_ISLAND_OF_DOCTOR_MOREAU_Q718268,0.243956771125803,CORAL_ISLAND_Q4232653,0.8944249153137207
456,THE_WIND_IN_THE_WILLOWS_Q936276,0.384640372733741,THE_VIRGINIANS_Q7772832,0.8600644469261169
457,THE_CHILDREN_OF_THE_NEW_FOREST_Q7722508,0.049863479389024,MR_MIDSHIPMAN_EASY_Q1936382,0.918293833732605
458,THE_CLAYHANGER_noWikiID,0.137472234822425,THE_OLD_WIVES'_TALE_noWikiID,0.9739444851875305
459,THE_FAIR_MAID_OF_PERTH_Q3209885,0.11291791638611,THE_ABBOT_Q2717772,0.9642602801322937
460,THE_INVISIBLE_MAN_Q1539509,0.164415364683147,"THE_EXPERIENCES_OF_LOVEDAY_BROOKE,_LADY_DETECTIVE_noWikiID",0.8530020713806152
461,UNDER_THE_GREENWOOD_TREE_Q2251594,0.30372380755444,ADAM_BEDE_Q2611046,0.8823469281196594
462,DEMOS_noWikiID,0.0543008598413405,CASTLE_RICHMOND_Q5050241,0.9478798508644104
463,THE_MYSTERY_OF_A_HANSOM_CAB_noWikiID,0.0477757206414661,THE_MOONSTONE_Q2362563,0.868351399898529
464,THE_REFORM'D_COQUET_Q7760024,0.049863479389024,LOVE_IN_EXCESS;_OR_THE_FATAL_ENQUIRY_Q1588738,0.9243742227554321
465,THE_MAN_WHO_COULD_WORK_MIRACLES_(SHORT_STORY)_Q7749926,0.0477757206414661,THE_INVISIBLE_MAN_Q1539509,0.822660505771637
466,MY_LADY_LUDLOW_Q16387198,0.0477757206414661,SCENES_OF_CLERICAL_LIFE_Q6544172,0.9187608361244202
467,THE_ENCHANTED_CASTLE_Q2920166,0.0477757206414661,THE_PHOENIX_AND_THE_CARPET_Q3795974,0.924665093421936
468,ENNUI_Q117149111,0.117501066676145,THE_LIFE_OF_JOHN_BUNCLE_noWikiID,0.8976790308952332
469,NEW_ARABIAN_NIGHTS_noWikiID,0.11291791638611,COCK_AND_ANCHOR_noWikiID,0.9106819033622742
470,AT_THE_END_OF_THE_PASSAGE_noWikiID,0.117501066676145,MICAH_CLARKE_Q3050442,0.6779618859291077
471,CHILDREN_OF_THE_GHETTO_noWikiID,0.0520374856859669,CALLISTA_(NOVEL)_Q2934238,0.8973084092140198
472,THE_FORSYTE_SAGA_Q735319,0.158330619297716,THE_HEAVENLY_TWINS_noWikiID,0.9504163265228271
473,VERTUE_REWARDED_Q104811485,0.0477757206414661,OROONOKO_Q2453934,0.8447234034538269
474,DIANA_OF_THE_CROSSWAYS_Q5271362,0.11291791638611,DOMBEY_AND_SON_Q963659,0.9061012864112854
475,AGNES_GREY_Q517172,0.325982643945805,MARRIAGE_noWikiID,0.9326823949813843
476,DOMBEY_AND_SON_Q963659,0.594948283367066,MARTIN_CHUZZLEWIT_Q1903609,0.967014491558075
477,KING_SOLOMON'S_MINES_Q1137494,0.406135180117558,ADELA_CATHCART_noWikiID,0.9160966277122498
478,THE_ABBOT_Q2717772,0.122244604531682,THE_BRIDE_OF_LAMMERMOOR_Q2659725,0.9433995485305786
479,THE_TIME_MACHINE_Q627333,0.838012426793004,THE_ASPERN_PAPERS_Q2362409,0.8524717092514038
480,HERMSPRONG_Q5742104,0.0477757206414661,EVELINA_Q1635110,0.9307730197906494
481,MELMOTH_THE_WANDERER_Q1475956,0.356287748913087,ST_LEON_Q7589523,0.9428544640541077
482,THE_CROWN_OF_SUCCESS_noWikiID,0.049863479389024,CRANFORD_(NOVEL)_Q265100,0.8720777034759521
483,A_STORY_OF_THE_STONE_AGE_Q4659835,0.11291791638611,PLATTNER_STORY_noWikiID,0.8974002599716187
484,WINTER_EVENING_TALES_Q96415343,0.0543008598413405,WAVERLEY_Q678251,0.8111498951911926
485,IT_IS_NEVER_TOO_LATE_TO_MEND_(NOVEL)_Q6091852,0.0616594855735503,MARTIN_CHUZZLEWIT_Q1903609,0.9321067333221436
486,WAVERLEY_Q678251,0.999388623975874,THE_ADVENTURES_OF_PEREGRINE_PICKLE_Q7712607,0.8950261473655701
487,THE_CHANGELING_noWikiID,0.049863479389024,THE_MOONSTONE_Q2362563,0.9513594508171082
488,THE_FROZEN_DEEP_Q7735382,0.117501066676145,THE_KING_AND_QUEEN_OF_HEARTS_noWikiID,0.8412246108055115
489,MARY_BARTON_Q2607078,0.619558723877394,MARTIN_CHUZZLEWIT_Q1903609,0.9172413945198059
490,EVELINA_Q1635110,0.57979506909561,CLARISSA_Q980534,0.9493312239646912
491,DREAMERS_OF_THE_GHETTO_noWikiID,0.0477757206414661,CHILDREN_OF_THE_GHETTO_noWikiID,0.9278064370155334
492,EMMA_(NOVEL)_Q223880,0.677911265542429,PRIDE_AND_PREJUDICE_Q170583,0.9631169438362122
493,THE_LAW_AND_THE_LADY_(NOVEL)_Q3480742,0.395337204568379,THE_MOONSTONE_Q2362563,0.9607313275337219
494,THE_TURN_OF_THE_SCREW_Q625923,0.427995724732536,THE_ASPERN_PAPERS_Q2362409,0.9171927571296692
495,THE_DOCTOR'S_WIFE_(MOORE_NOVEL)_Q7730467,0.204901193890185,LADY_AUDLEY'S_SECRET_Q2738351,0.9385234117507935
496,THE_FIRST_MEN_IN_THE_MOON_Q1218232,0.30372380755444,HEART_OF_DARKNESS_Q129778,0.8906171321868896
497,THE_FOOD_OF_THE_GODS_AND_HOW_IT_CAME_TO_EARTH_Q1215802,0.0520374856859669,LORD_JIM_Q727408,0.9220752716064453
498,THE_NETHER_WORLD_Q7753436,0.332981899154278,THE_UNCLASSED_Q7771311,0.9634249806404114
499,THE_HOUSE_ON_THE_BORDERLAND_Q740473,0.117501066676145,THE_FIRST_MEN_IN_THE_MOON_Q1218232,0.9045087695121765
500,MATHILDA_Q3851863,0.0477757206414661,FRANKENSTEIN_Q150827,0.8826870322227478
501,CITY_SCENES_noWikiID,0.0477757206414661,EVENINGS_AT_HOME_Q5416654,0.7825375199317932
502,NORTH_AND_SOUTH_(GASKELL_NOVEL)_Q1853142,0.260923318302859,MARY_BARTON_Q2607078,0.976324737071991
503,THYRZA_noWikiID,0.127152048513252,THE_UNCLASSED_Q7771311,0.9696059823036194
504,A_COMPLETE_COLLECTION_OF_GENTEEL_AND_INGENIOUS_CONVERSATION_Q4656050,0.117501066676145,A_TALE_OF_A_TUB_Q2353123,0.781092643737793
505,THE_PIRATE_(NOVEL)_Q3225628,0.127152048513252,THE_MONASTERY_Q3224650,0.9293401837348938
506,THE_TENANT_OF_WILDFELL_HALL_Q44701,0.197672587097148,SELF-CONTROL_(NOVEL)_Q3478102,0.9656978249549866
507,THE_COUNTRY_OF_THE_BLIND_Q823691,0.154263355437284,TALES_OF_UNREST_noWikiID,0.8269102573394775
508,THE_WARDEN_Q3818437,0.294299317623214,THE_KELLYS_AND_THE_O'KELLYS_Q7744082,0.8823270201683044
509,THE_FATHER_AND_DAUGHTER_Q65052285,0.0520374856859669,THE_CHILDREN_OF_THE_ABBEY_Q7722505,0.9362565279006958
510,SON_OF_MARS_noWikiID,0.0477757206414661,THE_LUCK_OF_BARRY_LYNDON_Q2124771,0.8809942603111267
511,DANIEL_DERONDA_Q552238,0.69722573995813,HE_KNEW_HE_WAS_RIGHT_noWikiID,0.9488409161567688
512,THE_AYRSHIRE_LEGATEES_noWikiID,0.11291791638611,THE_HEART_OF_MIDLOTHIAN_Q2091094,0.8986052870750427
513,THE_WAR_IN_THE_AIR_Q964055,0.049863479389024,THE_SLEEPER_AWAKES_Q650949,0.915938675403595
514,GOING_TO_MAYNOOTH_noWikiID,0.0477757206414661,ENNUI_Q117149111,0.8342419862747192
515,THE_CHILDREN_OF_THE_ABBEY_Q7722505,0.0729237779448048,THE_OLD_MANOR_HOUSE_Q96409526,0.9574825167655945
516,THE_O'DONOGHUE_noWikiID,0.0477757206414661,WAVERLEY_Q678251,0.9167086482048035
517,A_CRYSTAL_AGE_Q4656205,0.11291791638611,FRANKENSTEIN_Q150827,0.9108026623725891
518,THE_LANCASHIRE_WITCHES_Q7745322,0.0477757206414661,THE_THREE_PERILS_OF_MAN_Q96409659,0.9473564028739929
519,THE_TOWER_OF_LONDON_(NOVEL)_Q2414713,0.0477757206414661,THE_SCOTTISH_CHIEFS_noWikiID,0.9214817881584167
520,THE_CASTLE_OF_WOLFENBACH_Q3520218,0.049863479389024,THE_MEMOIRS_OF_MISS_SIDNEY_BIDULPH_Q124661412,0.9635723829269409
521,A_DREAM_OF_JOHN_BALL_noWikiID,0.117501066676145,HEREWARD_THE_WAKE_(NOVEL)_Q5738318,0.8551049828529358
522,EMMELINE_Q5373421,0.137472234822425,CECILIA_Q3233990,0.957970917224884
523,A_CHRISTMAS_CAROL_Q62879,0.374053924716987,THE_OLD_CURIOSITY_SHOP_Q2700616,0.8542447686195374
524,THE_FORTUNES_OF_NIGEL_Q3230799,0.117501066676145,THE_ABBOT_Q2717772,0.9679339528083801
525,THE_OLD_CURIOSITY_SHOP_Q2700616,0.46129393099787,THE_PICKWICK_PAPERS_Q460583,0.9528701305389404
526,THE_BRITISH_BARBARIANS_noWikiID,0.0477757206414661,PHILISTIA_noWikiID,0.8874839544296265
527,THE_TALE_OF_MR_JEREMY_FISHER_noWikiID,0.11291791638611,THE_TAILOR_OF_GLOUCESTER_noWikiID,0.696143388748169
528,THE_LIFE_OF_HARRIOT_STUART_noWikiID,0.0477757206414661,THE_ADVENTURES_OF_DAVID_SIMPLE_noWikiID,0.9157694578170776
529,THE_MACDERMOTS_OF_BALLYCORAN_noWikiID,0.11291791638611,THE_BLACK_PROPHET_noWikiID,0.9210081100463867
530,BLIND_LOVE_noWikiID,0.11291791638611,ARMADALE_Q4792516,0.9619640707969666
531,THE_NEW_MAGDALEN_noWikiID,0.117501066676145,THE_WOMAN_IN_WHITE_(NOVEL)_Q1212672,0.9420415163040161
532,THE_CLEVER_WOMAN_OF_THE_FAMILY_noWikiID,0.0477757206414661,THE_HEIR_OF_REDCLYFFE_Q7739314,0.9637047052383423
533,THE_EVIL_GUEST_noWikiID,0.11291791638611,THE_ITALIAN_(RADCLIFFE_NOVEL)_Q3204370,0.8425114750862122
534,THE_OLD_MANOR_HOUSE_Q96409526,0.160221548263055,THE_MEMOIRS_OF_MISS_SIDNEY_BIDULPH_Q124661412,0.9558936357498169
535,FARDOROUGHA_THE_MISER_noWikiID,0.0543008598413405,THE_HISTORY_OF_SIR_CHARLES_GRANDISON_Q3521260,0.861672043800354
536,THE_GORILLA_HUNTERS_Q17015740,0.0477757206414661,THE_YOUNG_FUR_TRADERS_noWikiID,0.9043896198272705
537,THE_HOUSE_WITH_THE_GREEN_SHUTTERS_Q7740720,0.0477757206414661,ALEC_FORBES_OF_HOWGLEN_noWikiID,0.8819131851196289
538,VILLETTE_(NOVEL)_Q2449570,0.733799591996489,JANE_EYRE_Q182961,0.9570912718772888
539,CONINGSBY_Q5161083,0.122244604531682,VIVIAN_GREY_Q7937713,0.9098606705665588
540,THE_DYNAMITER_noWikiID,0.0543008598413405,NEW_ARABIAN_NIGHTS_noWikiID,0.8739884495735168
541,THE_INTERPRETERS_noWikiID,0.0566567958260902,VIVIAN_GREY_Q7937713,0.9031994342803955
542,CASTLE_RICHMOND_Q5050241,0.117501066676145,BARCHESTER_TOWERS_Q4859885,0.977793276309967
543,THE_MILL_ON_THE_FLOSS_Q1215018,0.7830931596165,ADAM_BEDE_Q2611046,0.9584839344024658
544,THE_PARENT'S_ASSISTANT_Q3522169,0.137472234822425,THE_ADVENTURES_OF_RODERICK_RANDOM_Q7712626,0.9160919785499573
545,ALLAN_QUATERMAIN_(NOVEL)_Q4062545,0.142891468333576,KING_SOLOMON'S_MINES_Q1137494,0.9382452368736267
546,TOMMY_AND_GRIZEL_Q124090899,0.122244604531682,WIVES_AND_DAUGHTERS_Q2453239,0.9150806665420532
547,MORAL_TALES_noWikiID,0.132226821715085,BELINDA_noWikiID,0.9204505085945129
548,A_TALE_OF_A_TUB_Q2353123,0.46129393099787,OROONOKO_Q2453934,0.757342517375946
549,GLENARVON_Q3771960,0.0566567958260902,EMMELINE_Q5373421,0.9582468867301941
550,THE_HISTORY_OF_EMILY_MONTAGUE_Q42191035,0.0591085593605752,THE_MEMOIRS_OF_MISS_SIDNEY_BIDULPH_Q124661412,0.8867428302764893
551,MADAM_HOW_AND_LADY_WHY_noWikiID,0.11291791638611,MOPSA_THE_FAIRY_noWikiID,0.8477360606193542
552,THE_MAN_noWikiID,0.127152048513252,THE_PORTRAIT_OF_A_LADY_Q861017,0.9436741471290588
553,THE_PERILS_OF_CERTAIN_ENGLISH_PRISONERS_noWikiID,0.11291791638611,PETER_THE_WHALER_noWikiID,0.8761129975318909
554,MEMOIRS_OF_EMMA_COURTNEY_Q2395365,0.197672587097148,CECILIA_Q3233990,0.9045682549476624
555,THE_WATER-BABIES_A_FAIRY_TALE_FOR_A_LAND_BABY_Q14914646,0.417024677521532,THE_FAIRCHILD_FAMILY_noWikiID,0.9051363468170166
556,THE_MISFORTUNES_OF_ELPHIN_Q7751712,0.049863479389024,THE_TALISMAN_(SCOTT_NOVEL)_Q952340,0.8123205900192261
557,THE_SLEEPER_AWAKES_Q650949,0.0566567958260902,PLATTNER_STORY_noWikiID,0.8919724225997925
558,GULLIVER'S_TRAVELS_Q181488,0.971587266152791,CAPTAIN_SINGLETON_Q1728631,0.9099998474121094
559,HENRY_DUNBAR_noWikiID,0.0477757206414661,LADY_AUDLEY'S_SECRET_Q2738351,0.9326351284980774
560,THE_BRIDE_OF_LAMMERMOOR_Q2659725,0.384640372733741,ROB_ROY_Q2156104,0.9569975137710571
561,THE_HISTORY_OF_THE_FAIRCHILD_FAMILY_Q7739822,0.0520374856859669,THE_PARENT'S_ASSISTANT_Q3522169,0.8549628257751465
562,WAYFARERS_noWikiID,0.049863479389024,TOMMY_AND_GRIZEL_Q124090899,0.892367959022522
563,THE_AMERICAN_Q3080503,0.285047546124646,LITTLE_DORRIT_Q565638,0.9482620358467102
564,THE_VIRGINIANS_Q7772832,0.323070787610778,THE_QUADROON_noWikiID,0.8882004022598267
565,BELINDA_noWikiID,0.384640372733741,EVELINA_Q1635110,0.9501967430114746
566,THE_PRIVATE_MEMOIRS_AND_CONFESSIONS_OF_A_JUSTIFIED_SINNER_Q2992437,0.733799591996489,THE_BROWNIE_OF_BODSBECK_Q96408508,0.9375254511833191
567,ROOKWOOD_(NOVEL)_Q7366231,0.049863479389024,SAINT_RONAN'S_WELL_Q3232270,0.9254211187362671
568,THE_PRINCESS_AND_THE_GOBLIN_Q466505,0.11291791638611,MOPSA_THE_FAIRY_noWikiID,0.8779680728912354
569,SHE_A_HISTORY_OF_ADVENTURE_Q640513,0.23024672621441,KING_SOLOMON'S_MINES_Q1137494,0.9213517308235168
570,FANTOMINA_Q5434405,0.11291791638611,LOVE_IN_EXCESS;_OR_THE_FATAL_ENQUIRY_Q1588738,0.8927450180053711
571,THE_ABSENTEE_Q7712149,0.263655687664613,SENSE_AND_SENSIBILITY_Q274744,0.9315599799156189
572,DE_PROFUNDIS_(LETTER)_Q1249459,0.154263355437284,SARTOR_RESARTUS_Q1134140,0.8738137483596802
573,MAN_AND_WIFE_(NOVEL)_Q16386863,0.313316107488017,NO_NAME_(NOVEL)_Q7044605,0.9551699757575989
574,THE_CLOISTER_AND_THE_HEARTH_Q7723455,0.0543008598413405,WESTWARD_HO_noWikiID,0.928377628326416
575,EAST_LYNNE_Q5328900,0.498261873505709,DEERBROOK_noWikiID,0.9619573354721069
576,THE_ADVENTURES_OF_SHERLOCK_HOLMES_Q392147,0.363586690277014,ROBERT_ELSMERE_Q7344052,0.8882560729980469
577,AULD_LICHT_IDYLLS_noWikiID,0.117501066676145,ALEC_FORBES_OF_HOWGLEN_noWikiID,0.8469434380531311
578,CLEG_KELLY_noWikiID,0.0477757206414661,SENTIMENTAL_TOMMY_noWikiID,0.8513039946556091
579,IVANHOE_Q840974,0.706633180000831,A_LEGEND_OF_MONTROSE_Q3549611,0.9126875996589661
580,AFTER_DARK_noWikiID,0.132226821715085,HIDE_AND_SEEK_noWikiID,0.8906697630882263
581,THE_HAPPY_PRINCE_AND_OTHER_TALES_Q797466,0.142891468333576,THE_WATER-BABIES_A_FAIRY_TALE_FOR_A_LAND_BABY_Q14914646,0.8511354923248291
582,AURORA_FLOYD_Q4822530,0.316181109886472,CASTLE_RICHMOND_Q5050241,0.9288818836212158
583,THE_PORTRAIT_OF_MR._W._H._noWikiID,0.122244604531682,SUSPIRIA_DE_PROFUNDIS_Q3978307,0.7912435531616211
584,LORNA_DOONE_Q3400981,0.135806373618849,NORTH_AND_SOUTH_(GASKELL_NOVEL)_Q1853142,0.9468590617179871
585,TOM_BROWN'S_SCHOOL_DAYS_Q7815084,0.384640372733741,ENNUI_Q117149111,0.9003832936286926
586,"THE_HISTORY_OF_TOM_JONES,_A_FOUNDLING_Q248096",0.417024677521532,THE_ADVENTURES_OF_RODERICK_RANDOM_Q7712626,0.9559256434440613
587,THE_STRING_OF_PEARLS_Q7767037,0.0477757206414661,VARNEY_THE_VAMPIRE_Q1987925,0.9825390577316284
588,ADVENTURES_OF_A_PINCUSHION_noWikiID,0.0477757206414661,A_COMPLETE_COLLECTION_OF_GENTEEL_AND_INGENIOUS_CONVERSATION_Q4656050,0.8071662187576294
589,THE_YOUNG_BUGLERS_noWikiID,0.0477757206414661,THE_THREE_MIDSHIPMEN_noWikiID,0.9096039533615112
590,THE_DARK_FLOWER_noWikiID,0.0477757206414661,ROBERT_ELSMERE_Q7344052,0.9234653115272522
591,HE_KNEW_HE_WAS_RIGHT_noWikiID,0.353247063375283,DOCTOR_THORNE_noWikiID,0.9756006598472595
592,THE_STORY_OF_THE_TREASURE_SEEKERS_Q7766848,0.0477757206414661,THE_PARENT'S_ASSISTANT_Q3522169,0.8610693216323853
593,MASTERMAN_READY_OR_THE_WRECK_OF_THE_PACIFIC_Q6785376,0.0477757206414661,MR_MIDSHIPMAN_EASY_Q1936382,0.9313681721687317
594,THE_HISTORY_OF_LITTLE_GOODY_TWO-SHOES_Q12060236,0.0896602762528474,MOLL_FLANDERS_Q612523,0.5261265635490417
595,AN_OUTCAST_OF_THE_ISLANDS_Q1090444,0.11291791638611,ALMAYER'S_FOLLY_Q2404359,0.923770010471344
596,AT_THE_BACK_OF_THE_NORTH_WIND_Q1619593,0.137472234822425,MOPSA_THE_FAIRY_noWikiID,0.9131082892417908
597,PATRONAGE_(NOVEL)_Q7148133,0.127152048513252,THE_ADVENTURES_OF_HUGH_TREVOR_noWikiID,0.9612849950790405
598,MILLENIUM_HALL_Q6858753,0.0520374856859669,JOSEPH_ANDREWS_Q784226,0.9285780787467957
599,RECOLLECTIONS_OF_A_DETECTIVE_POLICE_OFFICER_noWikiID,0.049863479389024,JACK_SHEPPARD_noWikiID,0.904934287071228
600,THE_LUCK_OF_BARRY_LYNDON_Q2124771,0.285047546124646,VIVIAN_GREY_Q7937713,0.893660306930542
601,THE_ADVENTURES_OF_DAVID_SIMPLE_noWikiID,0.0566567958260902,JOSEPH_ANDREWS_Q784226,0.952755868434906
602,THE_NEW_ROAD_noWikiID,0.0477757206414661,JOHN_BURNET_OF_BARNS_noWikiID,0.8781895041465759
603,THE_GREAT_GOD_PAN_Q1394704,0.137472234822425,RECOLLECTIONS_OF_A_DETECTIVE_POLICE_OFFICER_noWikiID,0.8260354399681091
604,COUSIN_PHILLIS_noWikiID,0.135806373618849,THE_HISTORY_OF_THE_FAIRCHILD_FAMILY_Q7739822,0.8349760174751282
605,ALICE'S_ADVENTURES_IN_WONDERLAND_Q92640,0.384640372733741,THE_WATER-BABIES_A_FAIRY_TALE_FOR_A_LAND_BABY_Q14914646,0.7669958472251892
606,JACK_SHEPPARD_noWikiID,0.049863479389024,OLIVER_TWIST_Q164974,0.9512221217155457
607,THE_MONASTERY_Q3224650,0.122244604531682,THE_BRIDE_OF_LAMMERMOOR_Q2659725,0.9507156014442444
608,THE_PORTRAIT_OF_A_LADY_Q861017,0.30372380755444,VILLETTE_(NOVEL)_Q2449570,0.9462387561798096
609,THE_HERO_noWikiID,0.0477757206414661,THE_LANDLEAGUERS_noWikiID,0.9339156150817871
610,STORIES_OF_RED_HANRAHAN_noWikiID,0.049863479389024,AT_THE_BACK_OF_THE_NORTH_WIND_Q1619593,0.7655873894691467
611,THE_MASTER_OF_BALLANTRAE_Q2615930,0.148487553986026,"THE_HISTORY_OF_TOM_JONES,_A_FOUNDLING_Q248096",0.9081529378890991
612,THE_LONGEST_JOURNEY_Q15999894,0.11291791638611,ROBERT_ELSMERE_Q7344052,0.9386954307556152
613,FAR_FROM_THE_MADDING_CROWD_Q5642996,0.323070787610778,DESPERATE_REMEDIES_Q2846293,0.9333668351173401
614,THE_DAYS_OF_AULD_LANGSYNE_noWikiID,0.0477757206414661,A_WINDOW_IN_THRUMS_noWikiID,0.8710842132568359
615,THE_CHIMES_Q3828573,0.11291791638611,OLIVER_TWIST_Q164974,0.8111245632171631
616,ERIC_OR_LITTLE_BY_LITTLE_Q5385958,0.0543008598413405,NORTH_AND_SOUTH_(GASKELL_NOVEL)_Q1853142,0.8625028133392334
617,HESTER_noWikiID,0.135806373618849,JANE_EYRE_Q182961,0.9606021046638489
618,VATHEK_Q54548,0.353247063375283,LIFE_AND_ADVENTURES_OF_PETER_WILKINS_noWikiID,0.7542611360549927
619,THE_LAST_MAN_noWikiID,0.235758887377866,FRANKENSTEIN_Q150827,0.9470888376235962
620,THE_REVOLUTION_IN_TANNER'S_LANE_noWikiID,0.049863479389024,THE_PRIME_MINISTER_noWikiID,0.9259169101715088
621,THE_ROMANCE_OF_A_SHOP_Q17019147,0.0543008598413405,A_WORLD_OF_GIRLS_noWikiID,0.8823895454406738
622,A_RIDE_ACROSS_PALESTINE_noWikiID,0.11291791638611,CONFESSIONS_OF_A_THUG_(NOVEL)_Q5160036,0.867411196231842
623,IMPRESSIONS_OF_THEOPHRASTUS_SUCH_Q6007633,0.117501066676145,VRIL_Q510699,0.8676162362098694
624,THE_DUKE'S_CHILDREN_Q7731161,0.294299317623214,THE_PRIME_MINISTER_noWikiID,0.9817138314247131
625,THE_SECRET_SHARER_noWikiID,0.122244604531682,THE_RIDDLE_OF_THE_SANDS_Q1170204,0.841149091720581
626,ALEC_FORBES_OF_HOWGLEN_noWikiID,0.11291791638611,DAVID_ELGINBROD_Q5233331,0.9130957722663879
627,THE_RAGGED-TROUSERED_PHILANTHROPISTS_Q7759270,0.141170686071351,THE_PRIME_MINISTER_noWikiID,0.9026491045951843
628,THE_RETURN_OF_THE_NATIVE_Q141568,0.363586690277014,FAR_FROM_THE_MADDING_CROWD_Q5642996,0.9308528304100037
629,THE_ROMANCE_OF_THE_FOREST_Q3406503,0.17068652890912,A_SICILIAN_ROMANCE_Q979649,0.9371647834777832
630,SENSE_AND_SENSIBILITY_Q274744,0.339096257423352,TALES_OF_FASHIONABLE_LIFE_noWikiID,0.952953577041626
631,THE_CHANNINGS_(NOVEL)_Q7722115,0.0477757206414661,ORLEY_FARM_(NOVEL)_Q16962094,0.9421221613883972
632,THE_ADVENTURES_OF_A_BROWNIE_noWikiID,0.11291791638611,AT_THE_BACK_OF_THE_NORTH_WIND_Q1619593,0.8495112061500549
633,NORTHANGER_ABBEY_Q477508,0.573104135313384,PRIDE_AND_PREJUDICE_Q170583,0.9682854413986206
634,"THE_HISTORY_OF_RASSELAS,_PRINCE_OF_ABYSSINIA_Q3419875",0.668015506032498,THE_BATTLE_OF_THE_BOOKS_Q7715895,0.7964308261871338
635,DOCTOR_THORNE_noWikiID,0.294299317623214,BARCHESTER_TOWERS_Q4859885,0.9596402049064636
636,THE_LAST_DAYS_OF_POMPEII_Q1218985,0.0591085593605752,VALPERGA_noWikiID,0.9178469181060791
637,VARNEY_THE_VAMPIRE_Q1987925,0.0477757206414661,"THE_HISTORY_OF_TOM_JONES,_A_FOUNDLING_Q248096",0.9488805532455444
638,VALPERGA_noWikiID,0.0477757206414661,ST_LEON_Q7589523,0.9292283654212952
639,MIDDLEMARCH_Q313129,0.976152943083648,JOHN_HALIFAX_GENTLEMAN_Q6237289,0.9527853727340698
640,SPIES_OF_THE_KAISER_noWikiID,0.0477757206414661,AFTER_DARK_noWikiID,0.8787528872489929
641,LIFE_AND_ADVENTURES_OF_PETER_WILKINS_noWikiID,0.0477757206414661,ROBINSON_CRUSOE_Q483034,0.940671443939209
642,HOWARDS_END_Q1146642,0.16636459934805,THE_LONGEST_JOURNEY_Q15999894,0.939711332321167
643,THE_ROSE_AND_THE_RING_Q7761552,0.127152048513252,"CATHERINE,_A_STORY_noWikiID",0.753684937953949
644,A_STUDY_IN_SCARLET_Q223131,0.353247063375283,A_TALE_OF_TWO_CITIES_Q308918,0.8653922080993652
645,HELEN_noWikiID,0.11291791638611,EVELINA_Q1635110,0.9641531109809875
646,THE_WIDOW_BARNABY_noWikiID,0.117501066676145,THE_VICAR_OF_WREXHILL_noWikiID,0.969982385635376
647,ANN_VERONICA_Q1247736,0.160221548263055,THE_OLD_WIVES'_TALE_noWikiID,0.9251896142959595
648,THE_ADVENTURES_OF_RODERICK_RANDOM_Q7712626,0.146710915746886,MOLL_FLANDERS_Q612523,0.9520034193992615
649,THE_REAL_CHARLOTTE_noWikiID,0.0670724962784257,THE_SHADOW_OF_ASHLYDYAT_noWikiID,0.9338942766189575
650,THE_TALISMAN_(SCOTT_NOVEL)_Q952340,0.132226821715085,IVANHOE_Q840974,0.9549826979637146
651,FIVE_CHILDREN_AND_IT_noWikiID,0.0477757206414661,THE_WOULDBEGOODS_noWikiID,0.9072374701499939
652,VANITY_FAIR_(NOVEL)_Q612836,0.812090070563247,THE_PARENT'S_ASSISTANT_Q3522169,0.9056116938591003
653,THE_NIGGER_OF_THE_NARCISSUS_Q478537,0.148487553986026,THE_EBB-TIDE_Q4674957,0.856819212436676
654,TREASURE_ISLAND_Q185118,0.483705206701587,THE_THREE_MIDSHIPMEN_noWikiID,0.8651658892631531
655,LOST_DIARIES_noWikiID,0.0477757206414661,THE_MARTIAN_noWikiID,0.8044877648353577
656,COUNT_ROBERT_OF_PARIS_noWikiID,0.117501066676145,QUENTIN_DURWARD_Q2469230,0.9645665884017944
657,THE_OLD_ENGLISH_BARON_Q3796165,0.27863497027921,THE_MEMOIRS_OF_MISS_SIDNEY_BIDULPH_Q124661412,0.8871639370918274
658,MR_MIDSHIPMAN_EASY_Q1936382,0.0477757206414661,THE_KING'S_OWN_noWikiID,0.951350212097168
659,THE_PARASITE_Q5295669,0.117501066676145,THE_ADVENTURES_OF_SHERLOCK_HOLMES_Q392147,0.842037558555603
660,FELIX_HOLT_THE_RADICAL_Q5442230,0.154263355437284,DOCTOR_THORNE_noWikiID,0.9361504316329956
661,NOUGHTS_&_CROSSES_noWikiID,0.0477757206414661,THE_HISTORY_OF_THE_FAIRCHILD_FAMILY_Q7739822,0.8660291433334351
662,THE_INTERESTING_NARRATIVE_OF_THE_LIFE_OF_OLAUDAH_EQUIANO_Q7742270,0.132226821715085,ROBINSON_CRUSOE_Q483034,0.9191770553588867
663,CAPTAINS_COURAGEOUS_Q1035138,0.0477757206414661,THE_EBB-TIDE_Q4674957,0.8015285730361938
664,THE_TRAIL_OF_THE_SERPENT_Q24971199,0.0477757206414661,PENDENNIS_Q7162382,0.8959986567497253
665,THE_KELLYS_AND_THE_O'KELLYS_Q7744082,0.11291791638611,THE_MACDERMOTS_OF_BALLYCORAN_noWikiID,0.9433181881904602
666,THE_ADVENTURES_OF_PEREGRINE_PICKLE_Q7712607,0.0520374856859669,THE_ADVENTURES_OF_RODERICK_RANDOM_Q7712626,0.9718979001045227
667,THE_YOUNG_DUKE_Q45028402,0.11291791638611,BELINDA_noWikiID,0.912706196308136
668,THE_ENTAIL_noWikiID,0.148487553986026,THE_HEART_OF_MIDLOTHIAN_Q2091094,0.9552696943283081
669,THE_BEACH_OF_FALESA_Q7715970,0.148487553986026,KIDNAPPED_(NOVEL)_Q2349094,0.8496668338775635
670,ADELINE_MOWBRAY_Q65083334,0.0520374856859669,THE_MEMOIRS_OF_MISS_SIDNEY_BIDULPH_Q124661412,0.9514467716217041
671,CARMILLA_Q1043792,0.137472234822425,VILLETTE_(NOVEL)_Q2449570,0.7721925973892212
672,COCK_AND_ANCHOR_noWikiID,0.11291791638611,THE_PICKWICK_PAPERS_Q460583,0.9050472378730774
673,LONGSWORD_(NOVEL)_Q104859091,0.0520374856859669,FORTUNATE_FOUNDLINGS_noWikiID,0.8065910339355469
674,NEW_GRUB_STREET_noWikiID,0.427995724732536,THE_UNCLASSED_Q7771311,0.9597877264022827
675,THE_HAUNTED_MAN_AND_THE_GHOST'S_BARGAIN_Q3795070,0.127152048513252,THE_CHILDREN_OF_THE_ABBEY_Q7722505,0.8727984428405762
676,ST_LEON_Q7589523,0.137472234822425,THE_ROMANCE_OF_THE_FOREST_Q3406503,0.937152087688446
